Created by PLY version 3.11 (http://www.dabeaz.com/ply)

Grammar

Rule 0     S' -> program
Rule 1     program -> optional_newlines top_level_list
Rule 2     program -> empty
Rule 3     top_level_list -> top_level optional_newlines top_level_list
Rule 4     top_level_list -> top_level optional_newlines
Rule 5     top_level -> statement_with_newline
Rule 6     top_level -> func_def
Rule 7     top_level -> type_def
Rule 8     statements -> statement_list
Rule 9     statement_list -> statement_with_newline statement_list
Rule 10    statement_list -> statement_with_newline
Rule 11    statement_with_newline -> statement NEWLINE
Rule 12    statement -> declaration
Rule 13    statement -> if_statement
Rule 14    statement -> while_statement
Rule 15    statement -> return_statement
Rule 16    statement -> expression
Rule 17    declaration -> type LBRACKET expression RBRACKET ID
Rule 18    declaration -> type declaration_list
Rule 19    declaration_list -> declaration_item COMMA declaration_list
Rule 20    declaration_list -> declaration_item
Rule 21    declaration_item -> ID
Rule 22    declaration_item -> ID ASSIGN expression
Rule 23    declarations -> declaration NEWLINE declarations
Rule 24    declarations -> declaration NEWLINE
Rule 25    id_list -> ID COMMA id_list
Rule 26    id_list -> ID
Rule 27    declaration -> TYPENAME ID
Rule 28    type -> builtin_type
Rule 29    type -> TYPENAME
Rule 30    builtin_type -> INT
Rule 31    builtin_type -> FLOAT
Rule 32    builtin_type -> CHAR
Rule 33    builtin_type -> BOOL
Rule 34    type_def -> TYPE TYPENAME COLON type_block
Rule 35    type_def -> TYPE ID COLON type_block
Rule 36    type_block -> LBRACE type_declaration_lines RBRACE
Rule 37    type_declaration_line -> declaration NEWLINE
Rule 38    type_declaration_line -> NEWLINE
Rule 39    type_declaration_lines -> type_declaration_line type_declaration_lines
Rule 40    type_declaration_lines -> type_declaration_line
Rule 41    type_declaration_list -> declaration
Rule 42    type_declaration_list -> declaration type_declaration_list
Rule 43    expression -> expression PLUS expression
Rule 44    expression -> expression MINUS expression
Rule 45    expression -> expression MULT expression
Rule 46    expression -> expression DIV expression
Rule 47    expression -> expression EQ expression
Rule 48    expression -> expression NEQ expression
Rule 49    expression -> expression GT expression
Rule 50    expression -> expression GTE expression
Rule 51    expression -> expression LT expression
Rule 52    expression -> expression LTE expression
Rule 53    expression -> expression AND expression
Rule 54    expression -> expression OR expression
Rule 55    expression -> NOT expression
Rule 56    expression -> MINUS expression
Rule 57    expression -> expression LBRACKET expression RBRACKET
Rule 58    expression -> expression DOT ID
Rule 59    expression -> primary
Rule 60    primary -> ID
Rule 61    primary -> NUMBER
Rule 62    primary -> TRUE
Rule 63    primary -> FALSE
Rule 64    primary -> CHAR_LITERAL
Rule 65    primary -> func_call
Rule 66    primary -> LPAREN expression RPAREN
Rule 67    assignable -> ID
Rule 68    assignable -> expression DOT ID
Rule 69    assignable -> expression LBRACKET expression RBRACKET
Rule 70    statement -> assignable ASSIGN expression
Rule 71    statement -> assignable_chain ASSIGN expression
Rule 72    assignable_chain -> assignable ASSIGN assignable_chain
Rule 73    assignable_chain -> assignable
Rule 74    if_statement -> IF expression block
Rule 75    if_statement -> IF expression block ELSE block
Rule 76    while_statement -> WHILE expression block
Rule 77    func_def -> DEF type ID LPAREN param_list RPAREN store_params prepare_func_scope COLON LBRACE NEWLINE statement_list RBRACE
Rule 78    param_list -> param param_list_tail
Rule 79    param_list -> empty
Rule 80    param_list_tail -> COMMA param param_list_tail
Rule 81    param_list_tail -> empty
Rule 82    store_params -> <empty>
Rule 83    param -> type ID
Rule 84    param -> ID
Rule 85    return_statement -> RETURN expression
Rule 86    func_call -> ID LPAREN arg_list RPAREN
Rule 87    arg_list -> arg_list COMMA expression
Rule 88    arg_list -> expression
Rule 89    arg_list -> empty
Rule 90    empty -> <empty>
Rule 91    block -> COLON optional_newlines statement_list
Rule 92    block -> COLON LBRACE NEWLINE statement_list RBRACE NEWLINE
Rule 93    prepare_func_scope -> <empty>
Rule 94    optional_newlines -> optional_newlines NEWLINE
Rule 95    optional_newlines -> empty

Terminals, with rules where they appear

AND                  : 53
ASSIGN               : 22 70 71 72
BOOL                 : 33
CHAR                 : 32
CHAR_LITERAL         : 64
COLON                : 34 35 77 91 92
COMMA                : 19 25 80 87
DEF                  : 77
DIV                  : 46
DOT                  : 58 68
ELSE                 : 75
EQ                   : 47
FALSE                : 63
FLOAT                : 31
GT                   : 49
GTE                  : 50
ID                   : 17 21 22 25 26 27 35 58 60 67 68 77 83 84 86
IF                   : 74 75
INT                  : 30
LBRACE               : 36 77 92
LBRACKET             : 17 57 69
LPAREN               : 66 77 86
LT                   : 51
LTE                  : 52
MINUS                : 44 56
MULT                 : 45
NEQ                  : 48
NEWLINE              : 11 23 24 37 38 77 92 92 94
NOT                  : 55
NUMBER               : 61
OR                   : 54
PLUS                 : 43
RBRACE               : 36 77 92
RBRACKET             : 17 57 69
RETURN               : 85
RPAREN               : 66 77 86
TRUE                 : 62
TYPE                 : 34 35
TYPENAME             : 27 29 34
WHILE                : 76
error                : 

Nonterminals, with rules where they appear

arg_list             : 86 87
assignable           : 70 72 73
assignable_chain     : 71 72
block                : 74 75 75 76
builtin_type         : 28
declaration          : 12 23 24 37 41 42
declaration_item     : 19 20
declaration_list     : 18 19
declarations         : 23
empty                : 2 79 81 89 95
expression           : 16 17 22 43 43 44 44 45 45 46 46 47 47 48 48 49 49 50 50 51 51 52 52 53 53 54 54 55 56 57 57 58 66 68 69 69 70 71 74 75 76 85 87 88
func_call            : 65
func_def             : 6
id_list              : 25
if_statement         : 13
optional_newlines    : 1 3 4 91 94
param                : 78 80
param_list           : 77
param_list_tail      : 78 80
prepare_func_scope   : 77
primary              : 59
program              : 0
return_statement     : 15
statement            : 11
statement_list       : 8 9 77 91 92
statement_with_newline : 5 9 10
statements           : 
store_params         : 77
top_level            : 3 4
top_level_list       : 1 3
type                 : 17 18 77 83
type_block           : 34 35
type_declaration_line : 39 40
type_declaration_lines : 36 39
type_declaration_list : 42
type_def             : 7
while_statement      : 14

Parsing method: LALR

state 0

    (0) S' -> . program
    (1) program -> . optional_newlines top_level_list
    (2) program -> . empty
    (94) optional_newlines -> . optional_newlines NEWLINE
    (95) optional_newlines -> . empty
    (90) empty -> .

    $end            reduce using rule 90 (empty -> .)
    NEWLINE         reduce using rule 90 (empty -> .)
    DEF             reduce using rule 90 (empty -> .)
    TYPE            reduce using rule 90 (empty -> .)
    TYPENAME        reduce using rule 90 (empty -> .)
    IF              reduce using rule 90 (empty -> .)
    WHILE           reduce using rule 90 (empty -> .)
    RETURN          reduce using rule 90 (empty -> .)
    NOT             reduce using rule 90 (empty -> .)
    MINUS           reduce using rule 90 (empty -> .)
    ID              reduce using rule 90 (empty -> .)
    NUMBER          reduce using rule 90 (empty -> .)
    TRUE            reduce using rule 90 (empty -> .)
    FALSE           reduce using rule 90 (empty -> .)
    CHAR_LITERAL    reduce using rule 90 (empty -> .)
    LPAREN          reduce using rule 90 (empty -> .)
    INT             reduce using rule 90 (empty -> .)
    FLOAT           reduce using rule 90 (empty -> .)
    CHAR            reduce using rule 90 (empty -> .)
    BOOL            reduce using rule 90 (empty -> .)

    program                        shift and go to state 1
    optional_newlines              shift and go to state 2
    empty                          shift and go to state 3

state 1

    (0) S' -> program .



state 2

    (1) program -> optional_newlines . top_level_list
    (94) optional_newlines -> optional_newlines . NEWLINE
    (3) top_level_list -> . top_level optional_newlines top_level_list
    (4) top_level_list -> . top_level optional_newlines
    (5) top_level -> . statement_with_newline
    (6) top_level -> . func_def
    (7) top_level -> . type_def
    (11) statement_with_newline -> . statement NEWLINE
    (77) func_def -> . DEF type ID LPAREN param_list RPAREN store_params prepare_func_scope COLON LBRACE NEWLINE statement_list RBRACE
    (34) type_def -> . TYPE TYPENAME COLON type_block
    (35) type_def -> . TYPE ID COLON type_block
    (12) statement -> . declaration
    (13) statement -> . if_statement
    (14) statement -> . while_statement
    (15) statement -> . return_statement
    (16) statement -> . expression
    (70) statement -> . assignable ASSIGN expression
    (71) statement -> . assignable_chain ASSIGN expression
    (17) declaration -> . type LBRACKET expression RBRACKET ID
    (18) declaration -> . type declaration_list
    (27) declaration -> . TYPENAME ID
    (74) if_statement -> . IF expression block
    (75) if_statement -> . IF expression block ELSE block
    (76) while_statement -> . WHILE expression block
    (85) return_statement -> . RETURN expression
    (43) expression -> . expression PLUS expression
    (44) expression -> . expression MINUS expression
    (45) expression -> . expression MULT expression
    (46) expression -> . expression DIV expression
    (47) expression -> . expression EQ expression
    (48) expression -> . expression NEQ expression
    (49) expression -> . expression GT expression
    (50) expression -> . expression GTE expression
    (51) expression -> . expression LT expression
    (52) expression -> . expression LTE expression
    (53) expression -> . expression AND expression
    (54) expression -> . expression OR expression
    (55) expression -> . NOT expression
    (56) expression -> . MINUS expression
    (57) expression -> . expression LBRACKET expression RBRACKET
    (58) expression -> . expression DOT ID
    (59) expression -> . primary
    (67) assignable -> . ID
    (68) assignable -> . expression DOT ID
    (69) assignable -> . expression LBRACKET expression RBRACKET
    (72) assignable_chain -> . assignable ASSIGN assignable_chain
    (73) assignable_chain -> . assignable
    (28) type -> . builtin_type
    (29) type -> . TYPENAME
    (60) primary -> . ID
    (61) primary -> . NUMBER
    (62) primary -> . TRUE
    (63) primary -> . FALSE
    (64) primary -> . CHAR_LITERAL
    (65) primary -> . func_call
    (66) primary -> . LPAREN expression RPAREN
    (30) builtin_type -> . INT
    (31) builtin_type -> . FLOAT
    (32) builtin_type -> . CHAR
    (33) builtin_type -> . BOOL
    (86) func_call -> . ID LPAREN arg_list RPAREN

    NEWLINE         shift and go to state 5
    DEF             shift and go to state 11
    TYPE            shift and go to state 15
    TYPENAME        shift and go to state 16
    IF              shift and go to state 24
    WHILE           shift and go to state 25
    RETURN          shift and go to state 26
    NOT             shift and go to state 28
    MINUS           shift and go to state 27
    ID              shift and go to state 13
    NUMBER          shift and go to state 31
    TRUE            shift and go to state 32
    FALSE           shift and go to state 33
    CHAR_LITERAL    shift and go to state 34
    LPAREN          shift and go to state 14
    INT             shift and go to state 36
    FLOAT           shift and go to state 37
    CHAR            shift and go to state 38
    BOOL            shift and go to state 39

    top_level_list                 shift and go to state 4
    top_level                      shift and go to state 6
    statement_with_newline         shift and go to state 7
    func_def                       shift and go to state 8
    type_def                       shift and go to state 9
    statement                      shift and go to state 10
    type                           shift and go to state 12
    declaration                    shift and go to state 17
    if_statement                   shift and go to state 18
    while_statement                shift and go to state 19
    return_statement               shift and go to state 20
    expression                     shift and go to state 21
    assignable                     shift and go to state 22
    assignable_chain               shift and go to state 23
    primary                        shift and go to state 29
    builtin_type                   shift and go to state 30
    func_call                      shift and go to state 35

state 3

    (2) program -> empty .
    (95) optional_newlines -> empty .

    $end            reduce using rule 2 (program -> empty .)
    NEWLINE         reduce using rule 95 (optional_newlines -> empty .)
    DEF             reduce using rule 95 (optional_newlines -> empty .)
    TYPE            reduce using rule 95 (optional_newlines -> empty .)
    TYPENAME        reduce using rule 95 (optional_newlines -> empty .)
    IF              reduce using rule 95 (optional_newlines -> empty .)
    WHILE           reduce using rule 95 (optional_newlines -> empty .)
    RETURN          reduce using rule 95 (optional_newlines -> empty .)
    NOT             reduce using rule 95 (optional_newlines -> empty .)
    MINUS           reduce using rule 95 (optional_newlines -> empty .)
    ID              reduce using rule 95 (optional_newlines -> empty .)
    NUMBER          reduce using rule 95 (optional_newlines -> empty .)
    TRUE            reduce using rule 95 (optional_newlines -> empty .)
    FALSE           reduce using rule 95 (optional_newlines -> empty .)
    CHAR_LITERAL    reduce using rule 95 (optional_newlines -> empty .)
    LPAREN          reduce using rule 95 (optional_newlines -> empty .)
    INT             reduce using rule 95 (optional_newlines -> empty .)
    FLOAT           reduce using rule 95 (optional_newlines -> empty .)
    CHAR            reduce using rule 95 (optional_newlines -> empty .)
    BOOL            reduce using rule 95 (optional_newlines -> empty .)


state 4

    (1) program -> optional_newlines top_level_list .

    $end            reduce using rule 1 (program -> optional_newlines top_level_list .)


state 5

    (94) optional_newlines -> optional_newlines NEWLINE .

    NEWLINE         reduce using rule 94 (optional_newlines -> optional_newlines NEWLINE .)
    DEF             reduce using rule 94 (optional_newlines -> optional_newlines NEWLINE .)
    TYPE            reduce using rule 94 (optional_newlines -> optional_newlines NEWLINE .)
    TYPENAME        reduce using rule 94 (optional_newlines -> optional_newlines NEWLINE .)
    IF              reduce using rule 94 (optional_newlines -> optional_newlines NEWLINE .)
    WHILE           reduce using rule 94 (optional_newlines -> optional_newlines NEWLINE .)
    RETURN          reduce using rule 94 (optional_newlines -> optional_newlines NEWLINE .)
    NOT             reduce using rule 94 (optional_newlines -> optional_newlines NEWLINE .)
    MINUS           reduce using rule 94 (optional_newlines -> optional_newlines NEWLINE .)
    ID              reduce using rule 94 (optional_newlines -> optional_newlines NEWLINE .)
    NUMBER          reduce using rule 94 (optional_newlines -> optional_newlines NEWLINE .)
    TRUE            reduce using rule 94 (optional_newlines -> optional_newlines NEWLINE .)
    FALSE           reduce using rule 94 (optional_newlines -> optional_newlines NEWLINE .)
    CHAR_LITERAL    reduce using rule 94 (optional_newlines -> optional_newlines NEWLINE .)
    LPAREN          reduce using rule 94 (optional_newlines -> optional_newlines NEWLINE .)
    INT             reduce using rule 94 (optional_newlines -> optional_newlines NEWLINE .)
    FLOAT           reduce using rule 94 (optional_newlines -> optional_newlines NEWLINE .)
    CHAR            reduce using rule 94 (optional_newlines -> optional_newlines NEWLINE .)
    BOOL            reduce using rule 94 (optional_newlines -> optional_newlines NEWLINE .)
    $end            reduce using rule 94 (optional_newlines -> optional_newlines NEWLINE .)


state 6

    (3) top_level_list -> top_level . optional_newlines top_level_list
    (4) top_level_list -> top_level . optional_newlines
    (94) optional_newlines -> . optional_newlines NEWLINE
    (95) optional_newlines -> . empty
    (90) empty -> .

    NEWLINE         reduce using rule 90 (empty -> .)
    DEF             reduce using rule 90 (empty -> .)
    TYPE            reduce using rule 90 (empty -> .)
    TYPENAME        reduce using rule 90 (empty -> .)
    IF              reduce using rule 90 (empty -> .)
    WHILE           reduce using rule 90 (empty -> .)
    RETURN          reduce using rule 90 (empty -> .)
    NOT             reduce using rule 90 (empty -> .)
    MINUS           reduce using rule 90 (empty -> .)
    ID              reduce using rule 90 (empty -> .)
    NUMBER          reduce using rule 90 (empty -> .)
    TRUE            reduce using rule 90 (empty -> .)
    FALSE           reduce using rule 90 (empty -> .)
    CHAR_LITERAL    reduce using rule 90 (empty -> .)
    LPAREN          reduce using rule 90 (empty -> .)
    INT             reduce using rule 90 (empty -> .)
    FLOAT           reduce using rule 90 (empty -> .)
    CHAR            reduce using rule 90 (empty -> .)
    BOOL            reduce using rule 90 (empty -> .)
    $end            reduce using rule 90 (empty -> .)

    optional_newlines              shift and go to state 40
    empty                          shift and go to state 41

state 7

    (5) top_level -> statement_with_newline .

    NEWLINE         reduce using rule 5 (top_level -> statement_with_newline .)
    DEF             reduce using rule 5 (top_level -> statement_with_newline .)
    TYPE            reduce using rule 5 (top_level -> statement_with_newline .)
    TYPENAME        reduce using rule 5 (top_level -> statement_with_newline .)
    IF              reduce using rule 5 (top_level -> statement_with_newline .)
    WHILE           reduce using rule 5 (top_level -> statement_with_newline .)
    RETURN          reduce using rule 5 (top_level -> statement_with_newline .)
    NOT             reduce using rule 5 (top_level -> statement_with_newline .)
    MINUS           reduce using rule 5 (top_level -> statement_with_newline .)
    ID              reduce using rule 5 (top_level -> statement_with_newline .)
    NUMBER          reduce using rule 5 (top_level -> statement_with_newline .)
    TRUE            reduce using rule 5 (top_level -> statement_with_newline .)
    FALSE           reduce using rule 5 (top_level -> statement_with_newline .)
    CHAR_LITERAL    reduce using rule 5 (top_level -> statement_with_newline .)
    LPAREN          reduce using rule 5 (top_level -> statement_with_newline .)
    INT             reduce using rule 5 (top_level -> statement_with_newline .)
    FLOAT           reduce using rule 5 (top_level -> statement_with_newline .)
    CHAR            reduce using rule 5 (top_level -> statement_with_newline .)
    BOOL            reduce using rule 5 (top_level -> statement_with_newline .)
    $end            reduce using rule 5 (top_level -> statement_with_newline .)


state 8

    (6) top_level -> func_def .

    NEWLINE         reduce using rule 6 (top_level -> func_def .)
    DEF             reduce using rule 6 (top_level -> func_def .)
    TYPE            reduce using rule 6 (top_level -> func_def .)
    TYPENAME        reduce using rule 6 (top_level -> func_def .)
    IF              reduce using rule 6 (top_level -> func_def .)
    WHILE           reduce using rule 6 (top_level -> func_def .)
    RETURN          reduce using rule 6 (top_level -> func_def .)
    NOT             reduce using rule 6 (top_level -> func_def .)
    MINUS           reduce using rule 6 (top_level -> func_def .)
    ID              reduce using rule 6 (top_level -> func_def .)
    NUMBER          reduce using rule 6 (top_level -> func_def .)
    TRUE            reduce using rule 6 (top_level -> func_def .)
    FALSE           reduce using rule 6 (top_level -> func_def .)
    CHAR_LITERAL    reduce using rule 6 (top_level -> func_def .)
    LPAREN          reduce using rule 6 (top_level -> func_def .)
    INT             reduce using rule 6 (top_level -> func_def .)
    FLOAT           reduce using rule 6 (top_level -> func_def .)
    CHAR            reduce using rule 6 (top_level -> func_def .)
    BOOL            reduce using rule 6 (top_level -> func_def .)
    $end            reduce using rule 6 (top_level -> func_def .)


state 9

    (7) top_level -> type_def .

    NEWLINE         reduce using rule 7 (top_level -> type_def .)
    DEF             reduce using rule 7 (top_level -> type_def .)
    TYPE            reduce using rule 7 (top_level -> type_def .)
    TYPENAME        reduce using rule 7 (top_level -> type_def .)
    IF              reduce using rule 7 (top_level -> type_def .)
    WHILE           reduce using rule 7 (top_level -> type_def .)
    RETURN          reduce using rule 7 (top_level -> type_def .)
    NOT             reduce using rule 7 (top_level -> type_def .)
    MINUS           reduce using rule 7 (top_level -> type_def .)
    ID              reduce using rule 7 (top_level -> type_def .)
    NUMBER          reduce using rule 7 (top_level -> type_def .)
    TRUE            reduce using rule 7 (top_level -> type_def .)
    FALSE           reduce using rule 7 (top_level -> type_def .)
    CHAR_LITERAL    reduce using rule 7 (top_level -> type_def .)
    LPAREN          reduce using rule 7 (top_level -> type_def .)
    INT             reduce using rule 7 (top_level -> type_def .)
    FLOAT           reduce using rule 7 (top_level -> type_def .)
    CHAR            reduce using rule 7 (top_level -> type_def .)
    BOOL            reduce using rule 7 (top_level -> type_def .)
    $end            reduce using rule 7 (top_level -> type_def .)


state 10

    (11) statement_with_newline -> statement . NEWLINE

    NEWLINE         shift and go to state 42


state 11

    (77) func_def -> DEF . type ID LPAREN param_list RPAREN store_params prepare_func_scope COLON LBRACE NEWLINE statement_list RBRACE
    (28) type -> . builtin_type
    (29) type -> . TYPENAME
    (30) builtin_type -> . INT
    (31) builtin_type -> . FLOAT
    (32) builtin_type -> . CHAR
    (33) builtin_type -> . BOOL

    TYPENAME        shift and go to state 44
    INT             shift and go to state 36
    FLOAT           shift and go to state 37
    CHAR            shift and go to state 38
    BOOL            shift and go to state 39

    type                           shift and go to state 43
    builtin_type                   shift and go to state 30

state 12

    (17) declaration -> type . LBRACKET expression RBRACKET ID
    (18) declaration -> type . declaration_list
    (19) declaration_list -> . declaration_item COMMA declaration_list
    (20) declaration_list -> . declaration_item
    (21) declaration_item -> . ID
    (22) declaration_item -> . ID ASSIGN expression

    LBRACKET        shift and go to state 45
    ID              shift and go to state 46

    declaration_list               shift and go to state 47
    declaration_item               shift and go to state 48

state 13

    (67) assignable -> ID .
    (60) primary -> ID .
    (86) func_call -> ID . LPAREN arg_list RPAREN

    ASSIGN          reduce using rule 67 (assignable -> ID .)
    PLUS            reduce using rule 60 (primary -> ID .)
    MINUS           reduce using rule 60 (primary -> ID .)
    MULT            reduce using rule 60 (primary -> ID .)
    DIV             reduce using rule 60 (primary -> ID .)
    EQ              reduce using rule 60 (primary -> ID .)
    NEQ             reduce using rule 60 (primary -> ID .)
    GT              reduce using rule 60 (primary -> ID .)
    GTE             reduce using rule 60 (primary -> ID .)
    LT              reduce using rule 60 (primary -> ID .)
    LTE             reduce using rule 60 (primary -> ID .)
    AND             reduce using rule 60 (primary -> ID .)
    OR              reduce using rule 60 (primary -> ID .)
    LBRACKET        reduce using rule 60 (primary -> ID .)
    DOT             reduce using rule 60 (primary -> ID .)
    NEWLINE         reduce using rule 60 (primary -> ID .)
    LPAREN          shift and go to state 49


state 14

    (66) primary -> LPAREN . expression RPAREN
    (43) expression -> . expression PLUS expression
    (44) expression -> . expression MINUS expression
    (45) expression -> . expression MULT expression
    (46) expression -> . expression DIV expression
    (47) expression -> . expression EQ expression
    (48) expression -> . expression NEQ expression
    (49) expression -> . expression GT expression
    (50) expression -> . expression GTE expression
    (51) expression -> . expression LT expression
    (52) expression -> . expression LTE expression
    (53) expression -> . expression AND expression
    (54) expression -> . expression OR expression
    (55) expression -> . NOT expression
    (56) expression -> . MINUS expression
    (57) expression -> . expression LBRACKET expression RBRACKET
    (58) expression -> . expression DOT ID
    (59) expression -> . primary
    (60) primary -> . ID
    (61) primary -> . NUMBER
    (62) primary -> . TRUE
    (63) primary -> . FALSE
    (64) primary -> . CHAR_LITERAL
    (65) primary -> . func_call
    (66) primary -> . LPAREN expression RPAREN
    (86) func_call -> . ID LPAREN arg_list RPAREN

    NOT             shift and go to state 28
    MINUS           shift and go to state 27
    ID              shift and go to state 51
    NUMBER          shift and go to state 31
    TRUE            shift and go to state 32
    FALSE           shift and go to state 33
    CHAR_LITERAL    shift and go to state 34
    LPAREN          shift and go to state 14

    expression                     shift and go to state 50
    primary                        shift and go to state 29
    func_call                      shift and go to state 35

state 15

    (34) type_def -> TYPE . TYPENAME COLON type_block
    (35) type_def -> TYPE . ID COLON type_block

    TYPENAME        shift and go to state 52
    ID              shift and go to state 53


state 16

    (27) declaration -> TYPENAME . ID
    (29) type -> TYPENAME .

    LBRACKET        reduce using rule 29 (type -> TYPENAME .)
    ID              reduce using rule 29 (type -> TYPENAME .)

  ! ID              [ shift and go to state 54 ]


state 17

    (12) statement -> declaration .

    NEWLINE         reduce using rule 12 (statement -> declaration .)


state 18

    (13) statement -> if_statement .

    NEWLINE         reduce using rule 13 (statement -> if_statement .)


state 19

    (14) statement -> while_statement .

    NEWLINE         reduce using rule 14 (statement -> while_statement .)


state 20

    (15) statement -> return_statement .

    NEWLINE         reduce using rule 15 (statement -> return_statement .)


state 21

    (16) statement -> expression .
    (43) expression -> expression . PLUS expression
    (44) expression -> expression . MINUS expression
    (45) expression -> expression . MULT expression
    (46) expression -> expression . DIV expression
    (47) expression -> expression . EQ expression
    (48) expression -> expression . NEQ expression
    (49) expression -> expression . GT expression
    (50) expression -> expression . GTE expression
    (51) expression -> expression . LT expression
    (52) expression -> expression . LTE expression
    (53) expression -> expression . AND expression
    (54) expression -> expression . OR expression
    (57) expression -> expression . LBRACKET expression RBRACKET
    (58) expression -> expression . DOT ID
    (68) assignable -> expression . DOT ID
    (69) assignable -> expression . LBRACKET expression RBRACKET

    NEWLINE         reduce using rule 16 (statement -> expression .)
    PLUS            shift and go to state 55
    MINUS           shift and go to state 56
    MULT            shift and go to state 57
    DIV             shift and go to state 58
    EQ              shift and go to state 59
    NEQ             shift and go to state 60
    GT              shift and go to state 61
    GTE             shift and go to state 62
    LT              shift and go to state 63
    LTE             shift and go to state 64
    AND             shift and go to state 65
    OR              shift and go to state 66
    LBRACKET        shift and go to state 67
    DOT             shift and go to state 68


state 22

    (70) statement -> assignable . ASSIGN expression
    (72) assignable_chain -> assignable . ASSIGN assignable_chain
    (73) assignable_chain -> assignable .

  ! shift/reduce conflict for ASSIGN resolved as shift
    ASSIGN          shift and go to state 69

  ! ASSIGN          [ reduce using rule 73 (assignable_chain -> assignable .) ]


state 23

    (71) statement -> assignable_chain . ASSIGN expression

    ASSIGN          shift and go to state 70


state 24

    (74) if_statement -> IF . expression block
    (75) if_statement -> IF . expression block ELSE block
    (43) expression -> . expression PLUS expression
    (44) expression -> . expression MINUS expression
    (45) expression -> . expression MULT expression
    (46) expression -> . expression DIV expression
    (47) expression -> . expression EQ expression
    (48) expression -> . expression NEQ expression
    (49) expression -> . expression GT expression
    (50) expression -> . expression GTE expression
    (51) expression -> . expression LT expression
    (52) expression -> . expression LTE expression
    (53) expression -> . expression AND expression
    (54) expression -> . expression OR expression
    (55) expression -> . NOT expression
    (56) expression -> . MINUS expression
    (57) expression -> . expression LBRACKET expression RBRACKET
    (58) expression -> . expression DOT ID
    (59) expression -> . primary
    (60) primary -> . ID
    (61) primary -> . NUMBER
    (62) primary -> . TRUE
    (63) primary -> . FALSE
    (64) primary -> . CHAR_LITERAL
    (65) primary -> . func_call
    (66) primary -> . LPAREN expression RPAREN
    (86) func_call -> . ID LPAREN arg_list RPAREN

    NOT             shift and go to state 28
    MINUS           shift and go to state 27
    ID              shift and go to state 51
    NUMBER          shift and go to state 31
    TRUE            shift and go to state 32
    FALSE           shift and go to state 33
    CHAR_LITERAL    shift and go to state 34
    LPAREN          shift and go to state 14

    expression                     shift and go to state 71
    primary                        shift and go to state 29
    func_call                      shift and go to state 35

state 25

    (76) while_statement -> WHILE . expression block
    (43) expression -> . expression PLUS expression
    (44) expression -> . expression MINUS expression
    (45) expression -> . expression MULT expression
    (46) expression -> . expression DIV expression
    (47) expression -> . expression EQ expression
    (48) expression -> . expression NEQ expression
    (49) expression -> . expression GT expression
    (50) expression -> . expression GTE expression
    (51) expression -> . expression LT expression
    (52) expression -> . expression LTE expression
    (53) expression -> . expression AND expression
    (54) expression -> . expression OR expression
    (55) expression -> . NOT expression
    (56) expression -> . MINUS expression
    (57) expression -> . expression LBRACKET expression RBRACKET
    (58) expression -> . expression DOT ID
    (59) expression -> . primary
    (60) primary -> . ID
    (61) primary -> . NUMBER
    (62) primary -> . TRUE
    (63) primary -> . FALSE
    (64) primary -> . CHAR_LITERAL
    (65) primary -> . func_call
    (66) primary -> . LPAREN expression RPAREN
    (86) func_call -> . ID LPAREN arg_list RPAREN

    NOT             shift and go to state 28
    MINUS           shift and go to state 27
    ID              shift and go to state 51
    NUMBER          shift and go to state 31
    TRUE            shift and go to state 32
    FALSE           shift and go to state 33
    CHAR_LITERAL    shift and go to state 34
    LPAREN          shift and go to state 14

    expression                     shift and go to state 72
    primary                        shift and go to state 29
    func_call                      shift and go to state 35

state 26

    (85) return_statement -> RETURN . expression
    (43) expression -> . expression PLUS expression
    (44) expression -> . expression MINUS expression
    (45) expression -> . expression MULT expression
    (46) expression -> . expression DIV expression
    (47) expression -> . expression EQ expression
    (48) expression -> . expression NEQ expression
    (49) expression -> . expression GT expression
    (50) expression -> . expression GTE expression
    (51) expression -> . expression LT expression
    (52) expression -> . expression LTE expression
    (53) expression -> . expression AND expression
    (54) expression -> . expression OR expression
    (55) expression -> . NOT expression
    (56) expression -> . MINUS expression
    (57) expression -> . expression LBRACKET expression RBRACKET
    (58) expression -> . expression DOT ID
    (59) expression -> . primary
    (60) primary -> . ID
    (61) primary -> . NUMBER
    (62) primary -> . TRUE
    (63) primary -> . FALSE
    (64) primary -> . CHAR_LITERAL
    (65) primary -> . func_call
    (66) primary -> . LPAREN expression RPAREN
    (86) func_call -> . ID LPAREN arg_list RPAREN

    NOT             shift and go to state 28
    MINUS           shift and go to state 27
    ID              shift and go to state 51
    NUMBER          shift and go to state 31
    TRUE            shift and go to state 32
    FALSE           shift and go to state 33
    CHAR_LITERAL    shift and go to state 34
    LPAREN          shift and go to state 14

    expression                     shift and go to state 73
    primary                        shift and go to state 29
    func_call                      shift and go to state 35

state 27

    (56) expression -> MINUS . expression
    (43) expression -> . expression PLUS expression
    (44) expression -> . expression MINUS expression
    (45) expression -> . expression MULT expression
    (46) expression -> . expression DIV expression
    (47) expression -> . expression EQ expression
    (48) expression -> . expression NEQ expression
    (49) expression -> . expression GT expression
    (50) expression -> . expression GTE expression
    (51) expression -> . expression LT expression
    (52) expression -> . expression LTE expression
    (53) expression -> . expression AND expression
    (54) expression -> . expression OR expression
    (55) expression -> . NOT expression
    (56) expression -> . MINUS expression
    (57) expression -> . expression LBRACKET expression RBRACKET
    (58) expression -> . expression DOT ID
    (59) expression -> . primary
    (60) primary -> . ID
    (61) primary -> . NUMBER
    (62) primary -> . TRUE
    (63) primary -> . FALSE
    (64) primary -> . CHAR_LITERAL
    (65) primary -> . func_call
    (66) primary -> . LPAREN expression RPAREN
    (86) func_call -> . ID LPAREN arg_list RPAREN

    NOT             shift and go to state 28
    MINUS           shift and go to state 27
    ID              shift and go to state 51
    NUMBER          shift and go to state 31
    TRUE            shift and go to state 32
    FALSE           shift and go to state 33
    CHAR_LITERAL    shift and go to state 34
    LPAREN          shift and go to state 14

    expression                     shift and go to state 74
    primary                        shift and go to state 29
    func_call                      shift and go to state 35

state 28

    (55) expression -> NOT . expression
    (43) expression -> . expression PLUS expression
    (44) expression -> . expression MINUS expression
    (45) expression -> . expression MULT expression
    (46) expression -> . expression DIV expression
    (47) expression -> . expression EQ expression
    (48) expression -> . expression NEQ expression
    (49) expression -> . expression GT expression
    (50) expression -> . expression GTE expression
    (51) expression -> . expression LT expression
    (52) expression -> . expression LTE expression
    (53) expression -> . expression AND expression
    (54) expression -> . expression OR expression
    (55) expression -> . NOT expression
    (56) expression -> . MINUS expression
    (57) expression -> . expression LBRACKET expression RBRACKET
    (58) expression -> . expression DOT ID
    (59) expression -> . primary
    (60) primary -> . ID
    (61) primary -> . NUMBER
    (62) primary -> . TRUE
    (63) primary -> . FALSE
    (64) primary -> . CHAR_LITERAL
    (65) primary -> . func_call
    (66) primary -> . LPAREN expression RPAREN
    (86) func_call -> . ID LPAREN arg_list RPAREN

    NOT             shift and go to state 28
    MINUS           shift and go to state 27
    ID              shift and go to state 51
    NUMBER          shift and go to state 31
    TRUE            shift and go to state 32
    FALSE           shift and go to state 33
    CHAR_LITERAL    shift and go to state 34
    LPAREN          shift and go to state 14

    expression                     shift and go to state 75
    primary                        shift and go to state 29
    func_call                      shift and go to state 35

state 29

    (59) expression -> primary .

    PLUS            reduce using rule 59 (expression -> primary .)
    MINUS           reduce using rule 59 (expression -> primary .)
    MULT            reduce using rule 59 (expression -> primary .)
    DIV             reduce using rule 59 (expression -> primary .)
    EQ              reduce using rule 59 (expression -> primary .)
    NEQ             reduce using rule 59 (expression -> primary .)
    GT              reduce using rule 59 (expression -> primary .)
    GTE             reduce using rule 59 (expression -> primary .)
    LT              reduce using rule 59 (expression -> primary .)
    LTE             reduce using rule 59 (expression -> primary .)
    AND             reduce using rule 59 (expression -> primary .)
    OR              reduce using rule 59 (expression -> primary .)
    LBRACKET        reduce using rule 59 (expression -> primary .)
    DOT             reduce using rule 59 (expression -> primary .)
    NEWLINE         reduce using rule 59 (expression -> primary .)
    RPAREN          reduce using rule 59 (expression -> primary .)
    COLON           reduce using rule 59 (expression -> primary .)
    RBRACKET        reduce using rule 59 (expression -> primary .)
    COMMA           reduce using rule 59 (expression -> primary .)


state 30

    (28) type -> builtin_type .

    LBRACKET        reduce using rule 28 (type -> builtin_type .)
    ID              reduce using rule 28 (type -> builtin_type .)


state 31

    (61) primary -> NUMBER .

    PLUS            reduce using rule 61 (primary -> NUMBER .)
    MINUS           reduce using rule 61 (primary -> NUMBER .)
    MULT            reduce using rule 61 (primary -> NUMBER .)
    DIV             reduce using rule 61 (primary -> NUMBER .)
    EQ              reduce using rule 61 (primary -> NUMBER .)
    NEQ             reduce using rule 61 (primary -> NUMBER .)
    GT              reduce using rule 61 (primary -> NUMBER .)
    GTE             reduce using rule 61 (primary -> NUMBER .)
    LT              reduce using rule 61 (primary -> NUMBER .)
    LTE             reduce using rule 61 (primary -> NUMBER .)
    AND             reduce using rule 61 (primary -> NUMBER .)
    OR              reduce using rule 61 (primary -> NUMBER .)
    LBRACKET        reduce using rule 61 (primary -> NUMBER .)
    DOT             reduce using rule 61 (primary -> NUMBER .)
    NEWLINE         reduce using rule 61 (primary -> NUMBER .)
    RPAREN          reduce using rule 61 (primary -> NUMBER .)
    COLON           reduce using rule 61 (primary -> NUMBER .)
    RBRACKET        reduce using rule 61 (primary -> NUMBER .)
    COMMA           reduce using rule 61 (primary -> NUMBER .)


state 32

    (62) primary -> TRUE .

    PLUS            reduce using rule 62 (primary -> TRUE .)
    MINUS           reduce using rule 62 (primary -> TRUE .)
    MULT            reduce using rule 62 (primary -> TRUE .)
    DIV             reduce using rule 62 (primary -> TRUE .)
    EQ              reduce using rule 62 (primary -> TRUE .)
    NEQ             reduce using rule 62 (primary -> TRUE .)
    GT              reduce using rule 62 (primary -> TRUE .)
    GTE             reduce using rule 62 (primary -> TRUE .)
    LT              reduce using rule 62 (primary -> TRUE .)
    LTE             reduce using rule 62 (primary -> TRUE .)
    AND             reduce using rule 62 (primary -> TRUE .)
    OR              reduce using rule 62 (primary -> TRUE .)
    LBRACKET        reduce using rule 62 (primary -> TRUE .)
    DOT             reduce using rule 62 (primary -> TRUE .)
    NEWLINE         reduce using rule 62 (primary -> TRUE .)
    RPAREN          reduce using rule 62 (primary -> TRUE .)
    COLON           reduce using rule 62 (primary -> TRUE .)
    RBRACKET        reduce using rule 62 (primary -> TRUE .)
    COMMA           reduce using rule 62 (primary -> TRUE .)


state 33

    (63) primary -> FALSE .

    PLUS            reduce using rule 63 (primary -> FALSE .)
    MINUS           reduce using rule 63 (primary -> FALSE .)
    MULT            reduce using rule 63 (primary -> FALSE .)
    DIV             reduce using rule 63 (primary -> FALSE .)
    EQ              reduce using rule 63 (primary -> FALSE .)
    NEQ             reduce using rule 63 (primary -> FALSE .)
    GT              reduce using rule 63 (primary -> FALSE .)
    GTE             reduce using rule 63 (primary -> FALSE .)
    LT              reduce using rule 63 (primary -> FALSE .)
    LTE             reduce using rule 63 (primary -> FALSE .)
    AND             reduce using rule 63 (primary -> FALSE .)
    OR              reduce using rule 63 (primary -> FALSE .)
    LBRACKET        reduce using rule 63 (primary -> FALSE .)
    DOT             reduce using rule 63 (primary -> FALSE .)
    NEWLINE         reduce using rule 63 (primary -> FALSE .)
    RPAREN          reduce using rule 63 (primary -> FALSE .)
    COLON           reduce using rule 63 (primary -> FALSE .)
    RBRACKET        reduce using rule 63 (primary -> FALSE .)
    COMMA           reduce using rule 63 (primary -> FALSE .)


state 34

    (64) primary -> CHAR_LITERAL .

    PLUS            reduce using rule 64 (primary -> CHAR_LITERAL .)
    MINUS           reduce using rule 64 (primary -> CHAR_LITERAL .)
    MULT            reduce using rule 64 (primary -> CHAR_LITERAL .)
    DIV             reduce using rule 64 (primary -> CHAR_LITERAL .)
    EQ              reduce using rule 64 (primary -> CHAR_LITERAL .)
    NEQ             reduce using rule 64 (primary -> CHAR_LITERAL .)
    GT              reduce using rule 64 (primary -> CHAR_LITERAL .)
    GTE             reduce using rule 64 (primary -> CHAR_LITERAL .)
    LT              reduce using rule 64 (primary -> CHAR_LITERAL .)
    LTE             reduce using rule 64 (primary -> CHAR_LITERAL .)
    AND             reduce using rule 64 (primary -> CHAR_LITERAL .)
    OR              reduce using rule 64 (primary -> CHAR_LITERAL .)
    LBRACKET        reduce using rule 64 (primary -> CHAR_LITERAL .)
    DOT             reduce using rule 64 (primary -> CHAR_LITERAL .)
    NEWLINE         reduce using rule 64 (primary -> CHAR_LITERAL .)
    RPAREN          reduce using rule 64 (primary -> CHAR_LITERAL .)
    COLON           reduce using rule 64 (primary -> CHAR_LITERAL .)
    RBRACKET        reduce using rule 64 (primary -> CHAR_LITERAL .)
    COMMA           reduce using rule 64 (primary -> CHAR_LITERAL .)


state 35

    (65) primary -> func_call .

    PLUS            reduce using rule 65 (primary -> func_call .)
    MINUS           reduce using rule 65 (primary -> func_call .)
    MULT            reduce using rule 65 (primary -> func_call .)
    DIV             reduce using rule 65 (primary -> func_call .)
    EQ              reduce using rule 65 (primary -> func_call .)
    NEQ             reduce using rule 65 (primary -> func_call .)
    GT              reduce using rule 65 (primary -> func_call .)
    GTE             reduce using rule 65 (primary -> func_call .)
    LT              reduce using rule 65 (primary -> func_call .)
    LTE             reduce using rule 65 (primary -> func_call .)
    AND             reduce using rule 65 (primary -> func_call .)
    OR              reduce using rule 65 (primary -> func_call .)
    LBRACKET        reduce using rule 65 (primary -> func_call .)
    DOT             reduce using rule 65 (primary -> func_call .)
    NEWLINE         reduce using rule 65 (primary -> func_call .)
    RPAREN          reduce using rule 65 (primary -> func_call .)
    COLON           reduce using rule 65 (primary -> func_call .)
    RBRACKET        reduce using rule 65 (primary -> func_call .)
    COMMA           reduce using rule 65 (primary -> func_call .)


state 36

    (30) builtin_type -> INT .

    LBRACKET        reduce using rule 30 (builtin_type -> INT .)
    ID              reduce using rule 30 (builtin_type -> INT .)


state 37

    (31) builtin_type -> FLOAT .

    LBRACKET        reduce using rule 31 (builtin_type -> FLOAT .)
    ID              reduce using rule 31 (builtin_type -> FLOAT .)


state 38

    (32) builtin_type -> CHAR .

    LBRACKET        reduce using rule 32 (builtin_type -> CHAR .)
    ID              reduce using rule 32 (builtin_type -> CHAR .)


state 39

    (33) builtin_type -> BOOL .

    LBRACKET        reduce using rule 33 (builtin_type -> BOOL .)
    ID              reduce using rule 33 (builtin_type -> BOOL .)


state 40

    (3) top_level_list -> top_level optional_newlines . top_level_list
    (4) top_level_list -> top_level optional_newlines .
    (94) optional_newlines -> optional_newlines . NEWLINE
    (3) top_level_list -> . top_level optional_newlines top_level_list
    (4) top_level_list -> . top_level optional_newlines
    (5) top_level -> . statement_with_newline
    (6) top_level -> . func_def
    (7) top_level -> . type_def
    (11) statement_with_newline -> . statement NEWLINE
    (77) func_def -> . DEF type ID LPAREN param_list RPAREN store_params prepare_func_scope COLON LBRACE NEWLINE statement_list RBRACE
    (34) type_def -> . TYPE TYPENAME COLON type_block
    (35) type_def -> . TYPE ID COLON type_block
    (12) statement -> . declaration
    (13) statement -> . if_statement
    (14) statement -> . while_statement
    (15) statement -> . return_statement
    (16) statement -> . expression
    (70) statement -> . assignable ASSIGN expression
    (71) statement -> . assignable_chain ASSIGN expression
    (17) declaration -> . type LBRACKET expression RBRACKET ID
    (18) declaration -> . type declaration_list
    (27) declaration -> . TYPENAME ID
    (74) if_statement -> . IF expression block
    (75) if_statement -> . IF expression block ELSE block
    (76) while_statement -> . WHILE expression block
    (85) return_statement -> . RETURN expression
    (43) expression -> . expression PLUS expression
    (44) expression -> . expression MINUS expression
    (45) expression -> . expression MULT expression
    (46) expression -> . expression DIV expression
    (47) expression -> . expression EQ expression
    (48) expression -> . expression NEQ expression
    (49) expression -> . expression GT expression
    (50) expression -> . expression GTE expression
    (51) expression -> . expression LT expression
    (52) expression -> . expression LTE expression
    (53) expression -> . expression AND expression
    (54) expression -> . expression OR expression
    (55) expression -> . NOT expression
    (56) expression -> . MINUS expression
    (57) expression -> . expression LBRACKET expression RBRACKET
    (58) expression -> . expression DOT ID
    (59) expression -> . primary
    (67) assignable -> . ID
    (68) assignable -> . expression DOT ID
    (69) assignable -> . expression LBRACKET expression RBRACKET
    (72) assignable_chain -> . assignable ASSIGN assignable_chain
    (73) assignable_chain -> . assignable
    (28) type -> . builtin_type
    (29) type -> . TYPENAME
    (60) primary -> . ID
    (61) primary -> . NUMBER
    (62) primary -> . TRUE
    (63) primary -> . FALSE
    (64) primary -> . CHAR_LITERAL
    (65) primary -> . func_call
    (66) primary -> . LPAREN expression RPAREN
    (30) builtin_type -> . INT
    (31) builtin_type -> . FLOAT
    (32) builtin_type -> . CHAR
    (33) builtin_type -> . BOOL
    (86) func_call -> . ID LPAREN arg_list RPAREN

    $end            reduce using rule 4 (top_level_list -> top_level optional_newlines .)
    NEWLINE         shift and go to state 5
    DEF             shift and go to state 11
    TYPE            shift and go to state 15
    TYPENAME        shift and go to state 16
    IF              shift and go to state 24
    WHILE           shift and go to state 25
    RETURN          shift and go to state 26
    NOT             shift and go to state 28
    MINUS           shift and go to state 27
    ID              shift and go to state 13
    NUMBER          shift and go to state 31
    TRUE            shift and go to state 32
    FALSE           shift and go to state 33
    CHAR_LITERAL    shift and go to state 34
    LPAREN          shift and go to state 14
    INT             shift and go to state 36
    FLOAT           shift and go to state 37
    CHAR            shift and go to state 38
    BOOL            shift and go to state 39

    top_level                      shift and go to state 6
    top_level_list                 shift and go to state 76
    statement_with_newline         shift and go to state 7
    func_def                       shift and go to state 8
    type_def                       shift and go to state 9
    statement                      shift and go to state 10
    type                           shift and go to state 12
    declaration                    shift and go to state 17
    if_statement                   shift and go to state 18
    while_statement                shift and go to state 19
    return_statement               shift and go to state 20
    expression                     shift and go to state 21
    assignable                     shift and go to state 22
    assignable_chain               shift and go to state 23
    primary                        shift and go to state 29
    builtin_type                   shift and go to state 30
    func_call                      shift and go to state 35

state 41

    (95) optional_newlines -> empty .

    NEWLINE         reduce using rule 95 (optional_newlines -> empty .)
    DEF             reduce using rule 95 (optional_newlines -> empty .)
    TYPE            reduce using rule 95 (optional_newlines -> empty .)
    TYPENAME        reduce using rule 95 (optional_newlines -> empty .)
    IF              reduce using rule 95 (optional_newlines -> empty .)
    WHILE           reduce using rule 95 (optional_newlines -> empty .)
    RETURN          reduce using rule 95 (optional_newlines -> empty .)
    NOT             reduce using rule 95 (optional_newlines -> empty .)
    MINUS           reduce using rule 95 (optional_newlines -> empty .)
    ID              reduce using rule 95 (optional_newlines -> empty .)
    NUMBER          reduce using rule 95 (optional_newlines -> empty .)
    TRUE            reduce using rule 95 (optional_newlines -> empty .)
    FALSE           reduce using rule 95 (optional_newlines -> empty .)
    CHAR_LITERAL    reduce using rule 95 (optional_newlines -> empty .)
    LPAREN          reduce using rule 95 (optional_newlines -> empty .)
    INT             reduce using rule 95 (optional_newlines -> empty .)
    FLOAT           reduce using rule 95 (optional_newlines -> empty .)
    CHAR            reduce using rule 95 (optional_newlines -> empty .)
    BOOL            reduce using rule 95 (optional_newlines -> empty .)
    $end            reduce using rule 95 (optional_newlines -> empty .)


state 42

    (11) statement_with_newline -> statement NEWLINE .

    NEWLINE         reduce using rule 11 (statement_with_newline -> statement NEWLINE .)
    DEF             reduce using rule 11 (statement_with_newline -> statement NEWLINE .)
    TYPE            reduce using rule 11 (statement_with_newline -> statement NEWLINE .)
    TYPENAME        reduce using rule 11 (statement_with_newline -> statement NEWLINE .)
    IF              reduce using rule 11 (statement_with_newline -> statement NEWLINE .)
    WHILE           reduce using rule 11 (statement_with_newline -> statement NEWLINE .)
    RETURN          reduce using rule 11 (statement_with_newline -> statement NEWLINE .)
    NOT             reduce using rule 11 (statement_with_newline -> statement NEWLINE .)
    MINUS           reduce using rule 11 (statement_with_newline -> statement NEWLINE .)
    ID              reduce using rule 11 (statement_with_newline -> statement NEWLINE .)
    NUMBER          reduce using rule 11 (statement_with_newline -> statement NEWLINE .)
    TRUE            reduce using rule 11 (statement_with_newline -> statement NEWLINE .)
    FALSE           reduce using rule 11 (statement_with_newline -> statement NEWLINE .)
    CHAR_LITERAL    reduce using rule 11 (statement_with_newline -> statement NEWLINE .)
    LPAREN          reduce using rule 11 (statement_with_newline -> statement NEWLINE .)
    INT             reduce using rule 11 (statement_with_newline -> statement NEWLINE .)
    FLOAT           reduce using rule 11 (statement_with_newline -> statement NEWLINE .)
    CHAR            reduce using rule 11 (statement_with_newline -> statement NEWLINE .)
    BOOL            reduce using rule 11 (statement_with_newline -> statement NEWLINE .)
    $end            reduce using rule 11 (statement_with_newline -> statement NEWLINE .)
    ELSE            reduce using rule 11 (statement_with_newline -> statement NEWLINE .)
    RBRACE          reduce using rule 11 (statement_with_newline -> statement NEWLINE .)


state 43

    (77) func_def -> DEF type . ID LPAREN param_list RPAREN store_params prepare_func_scope COLON LBRACE NEWLINE statement_list RBRACE

    ID              shift and go to state 77


state 44

    (29) type -> TYPENAME .

    ID              reduce using rule 29 (type -> TYPENAME .)


state 45

    (17) declaration -> type LBRACKET . expression RBRACKET ID
    (43) expression -> . expression PLUS expression
    (44) expression -> . expression MINUS expression
    (45) expression -> . expression MULT expression
    (46) expression -> . expression DIV expression
    (47) expression -> . expression EQ expression
    (48) expression -> . expression NEQ expression
    (49) expression -> . expression GT expression
    (50) expression -> . expression GTE expression
    (51) expression -> . expression LT expression
    (52) expression -> . expression LTE expression
    (53) expression -> . expression AND expression
    (54) expression -> . expression OR expression
    (55) expression -> . NOT expression
    (56) expression -> . MINUS expression
    (57) expression -> . expression LBRACKET expression RBRACKET
    (58) expression -> . expression DOT ID
    (59) expression -> . primary
    (60) primary -> . ID
    (61) primary -> . NUMBER
    (62) primary -> . TRUE
    (63) primary -> . FALSE
    (64) primary -> . CHAR_LITERAL
    (65) primary -> . func_call
    (66) primary -> . LPAREN expression RPAREN
    (86) func_call -> . ID LPAREN arg_list RPAREN

    NOT             shift and go to state 28
    MINUS           shift and go to state 27
    ID              shift and go to state 51
    NUMBER          shift and go to state 31
    TRUE            shift and go to state 32
    FALSE           shift and go to state 33
    CHAR_LITERAL    shift and go to state 34
    LPAREN          shift and go to state 14

    expression                     shift and go to state 78
    primary                        shift and go to state 29
    func_call                      shift and go to state 35

state 46

    (21) declaration_item -> ID .
    (22) declaration_item -> ID . ASSIGN expression

    COMMA           reduce using rule 21 (declaration_item -> ID .)
    NEWLINE         reduce using rule 21 (declaration_item -> ID .)
    ASSIGN          shift and go to state 79


state 47

    (18) declaration -> type declaration_list .

    NEWLINE         reduce using rule 18 (declaration -> type declaration_list .)


state 48

    (19) declaration_list -> declaration_item . COMMA declaration_list
    (20) declaration_list -> declaration_item .

    COMMA           shift and go to state 80
    NEWLINE         reduce using rule 20 (declaration_list -> declaration_item .)


state 49

    (86) func_call -> ID LPAREN . arg_list RPAREN
    (87) arg_list -> . arg_list COMMA expression
    (88) arg_list -> . expression
    (89) arg_list -> . empty
    (43) expression -> . expression PLUS expression
    (44) expression -> . expression MINUS expression
    (45) expression -> . expression MULT expression
    (46) expression -> . expression DIV expression
    (47) expression -> . expression EQ expression
    (48) expression -> . expression NEQ expression
    (49) expression -> . expression GT expression
    (50) expression -> . expression GTE expression
    (51) expression -> . expression LT expression
    (52) expression -> . expression LTE expression
    (53) expression -> . expression AND expression
    (54) expression -> . expression OR expression
    (55) expression -> . NOT expression
    (56) expression -> . MINUS expression
    (57) expression -> . expression LBRACKET expression RBRACKET
    (58) expression -> . expression DOT ID
    (59) expression -> . primary
    (90) empty -> .
    (60) primary -> . ID
    (61) primary -> . NUMBER
    (62) primary -> . TRUE
    (63) primary -> . FALSE
    (64) primary -> . CHAR_LITERAL
    (65) primary -> . func_call
    (66) primary -> . LPAREN expression RPAREN
    (86) func_call -> . ID LPAREN arg_list RPAREN

    NOT             shift and go to state 28
    MINUS           shift and go to state 27
    RPAREN          reduce using rule 90 (empty -> .)
    COMMA           reduce using rule 90 (empty -> .)
    ID              shift and go to state 51
    NUMBER          shift and go to state 31
    TRUE            shift and go to state 32
    FALSE           shift and go to state 33
    CHAR_LITERAL    shift and go to state 34
    LPAREN          shift and go to state 14

    arg_list                       shift and go to state 81
    expression                     shift and go to state 82
    empty                          shift and go to state 83
    primary                        shift and go to state 29
    func_call                      shift and go to state 35

state 50

    (66) primary -> LPAREN expression . RPAREN
    (43) expression -> expression . PLUS expression
    (44) expression -> expression . MINUS expression
    (45) expression -> expression . MULT expression
    (46) expression -> expression . DIV expression
    (47) expression -> expression . EQ expression
    (48) expression -> expression . NEQ expression
    (49) expression -> expression . GT expression
    (50) expression -> expression . GTE expression
    (51) expression -> expression . LT expression
    (52) expression -> expression . LTE expression
    (53) expression -> expression . AND expression
    (54) expression -> expression . OR expression
    (57) expression -> expression . LBRACKET expression RBRACKET
    (58) expression -> expression . DOT ID

    RPAREN          shift and go to state 84
    PLUS            shift and go to state 55
    MINUS           shift and go to state 56
    MULT            shift and go to state 57
    DIV             shift and go to state 58
    EQ              shift and go to state 59
    NEQ             shift and go to state 60
    GT              shift and go to state 61
    GTE             shift and go to state 62
    LT              shift and go to state 63
    LTE             shift and go to state 64
    AND             shift and go to state 65
    OR              shift and go to state 66
    LBRACKET        shift and go to state 85
    DOT             shift and go to state 86


state 51

    (60) primary -> ID .
    (86) func_call -> ID . LPAREN arg_list RPAREN

    RPAREN          reduce using rule 60 (primary -> ID .)
    PLUS            reduce using rule 60 (primary -> ID .)
    MINUS           reduce using rule 60 (primary -> ID .)
    MULT            reduce using rule 60 (primary -> ID .)
    DIV             reduce using rule 60 (primary -> ID .)
    EQ              reduce using rule 60 (primary -> ID .)
    NEQ             reduce using rule 60 (primary -> ID .)
    GT              reduce using rule 60 (primary -> ID .)
    GTE             reduce using rule 60 (primary -> ID .)
    LT              reduce using rule 60 (primary -> ID .)
    LTE             reduce using rule 60 (primary -> ID .)
    AND             reduce using rule 60 (primary -> ID .)
    OR              reduce using rule 60 (primary -> ID .)
    LBRACKET        reduce using rule 60 (primary -> ID .)
    DOT             reduce using rule 60 (primary -> ID .)
    COLON           reduce using rule 60 (primary -> ID .)
    NEWLINE         reduce using rule 60 (primary -> ID .)
    RBRACKET        reduce using rule 60 (primary -> ID .)
    COMMA           reduce using rule 60 (primary -> ID .)
    LPAREN          shift and go to state 49


state 52

    (34) type_def -> TYPE TYPENAME . COLON type_block

    COLON           shift and go to state 87


state 53

    (35) type_def -> TYPE ID . COLON type_block

    COLON           shift and go to state 88


state 54

    (27) declaration -> TYPENAME ID .

    NEWLINE         reduce using rule 27 (declaration -> TYPENAME ID .)


state 55

    (43) expression -> expression PLUS . expression
    (43) expression -> . expression PLUS expression
    (44) expression -> . expression MINUS expression
    (45) expression -> . expression MULT expression
    (46) expression -> . expression DIV expression
    (47) expression -> . expression EQ expression
    (48) expression -> . expression NEQ expression
    (49) expression -> . expression GT expression
    (50) expression -> . expression GTE expression
    (51) expression -> . expression LT expression
    (52) expression -> . expression LTE expression
    (53) expression -> . expression AND expression
    (54) expression -> . expression OR expression
    (55) expression -> . NOT expression
    (56) expression -> . MINUS expression
    (57) expression -> . expression LBRACKET expression RBRACKET
    (58) expression -> . expression DOT ID
    (59) expression -> . primary
    (60) primary -> . ID
    (61) primary -> . NUMBER
    (62) primary -> . TRUE
    (63) primary -> . FALSE
    (64) primary -> . CHAR_LITERAL
    (65) primary -> . func_call
    (66) primary -> . LPAREN expression RPAREN
    (86) func_call -> . ID LPAREN arg_list RPAREN

    NOT             shift and go to state 28
    MINUS           shift and go to state 27
    ID              shift and go to state 51
    NUMBER          shift and go to state 31
    TRUE            shift and go to state 32
    FALSE           shift and go to state 33
    CHAR_LITERAL    shift and go to state 34
    LPAREN          shift and go to state 14

    expression                     shift and go to state 89
    primary                        shift and go to state 29
    func_call                      shift and go to state 35

state 56

    (44) expression -> expression MINUS . expression
    (43) expression -> . expression PLUS expression
    (44) expression -> . expression MINUS expression
    (45) expression -> . expression MULT expression
    (46) expression -> . expression DIV expression
    (47) expression -> . expression EQ expression
    (48) expression -> . expression NEQ expression
    (49) expression -> . expression GT expression
    (50) expression -> . expression GTE expression
    (51) expression -> . expression LT expression
    (52) expression -> . expression LTE expression
    (53) expression -> . expression AND expression
    (54) expression -> . expression OR expression
    (55) expression -> . NOT expression
    (56) expression -> . MINUS expression
    (57) expression -> . expression LBRACKET expression RBRACKET
    (58) expression -> . expression DOT ID
    (59) expression -> . primary
    (60) primary -> . ID
    (61) primary -> . NUMBER
    (62) primary -> . TRUE
    (63) primary -> . FALSE
    (64) primary -> . CHAR_LITERAL
    (65) primary -> . func_call
    (66) primary -> . LPAREN expression RPAREN
    (86) func_call -> . ID LPAREN arg_list RPAREN

    NOT             shift and go to state 28
    MINUS           shift and go to state 27
    ID              shift and go to state 51
    NUMBER          shift and go to state 31
    TRUE            shift and go to state 32
    FALSE           shift and go to state 33
    CHAR_LITERAL    shift and go to state 34
    LPAREN          shift and go to state 14

    expression                     shift and go to state 90
    primary                        shift and go to state 29
    func_call                      shift and go to state 35

state 57

    (45) expression -> expression MULT . expression
    (43) expression -> . expression PLUS expression
    (44) expression -> . expression MINUS expression
    (45) expression -> . expression MULT expression
    (46) expression -> . expression DIV expression
    (47) expression -> . expression EQ expression
    (48) expression -> . expression NEQ expression
    (49) expression -> . expression GT expression
    (50) expression -> . expression GTE expression
    (51) expression -> . expression LT expression
    (52) expression -> . expression LTE expression
    (53) expression -> . expression AND expression
    (54) expression -> . expression OR expression
    (55) expression -> . NOT expression
    (56) expression -> . MINUS expression
    (57) expression -> . expression LBRACKET expression RBRACKET
    (58) expression -> . expression DOT ID
    (59) expression -> . primary
    (60) primary -> . ID
    (61) primary -> . NUMBER
    (62) primary -> . TRUE
    (63) primary -> . FALSE
    (64) primary -> . CHAR_LITERAL
    (65) primary -> . func_call
    (66) primary -> . LPAREN expression RPAREN
    (86) func_call -> . ID LPAREN arg_list RPAREN

    NOT             shift and go to state 28
    MINUS           shift and go to state 27
    ID              shift and go to state 51
    NUMBER          shift and go to state 31
    TRUE            shift and go to state 32
    FALSE           shift and go to state 33
    CHAR_LITERAL    shift and go to state 34
    LPAREN          shift and go to state 14

    expression                     shift and go to state 91
    primary                        shift and go to state 29
    func_call                      shift and go to state 35

state 58

    (46) expression -> expression DIV . expression
    (43) expression -> . expression PLUS expression
    (44) expression -> . expression MINUS expression
    (45) expression -> . expression MULT expression
    (46) expression -> . expression DIV expression
    (47) expression -> . expression EQ expression
    (48) expression -> . expression NEQ expression
    (49) expression -> . expression GT expression
    (50) expression -> . expression GTE expression
    (51) expression -> . expression LT expression
    (52) expression -> . expression LTE expression
    (53) expression -> . expression AND expression
    (54) expression -> . expression OR expression
    (55) expression -> . NOT expression
    (56) expression -> . MINUS expression
    (57) expression -> . expression LBRACKET expression RBRACKET
    (58) expression -> . expression DOT ID
    (59) expression -> . primary
    (60) primary -> . ID
    (61) primary -> . NUMBER
    (62) primary -> . TRUE
    (63) primary -> . FALSE
    (64) primary -> . CHAR_LITERAL
    (65) primary -> . func_call
    (66) primary -> . LPAREN expression RPAREN
    (86) func_call -> . ID LPAREN arg_list RPAREN

    NOT             shift and go to state 28
    MINUS           shift and go to state 27
    ID              shift and go to state 51
    NUMBER          shift and go to state 31
    TRUE            shift and go to state 32
    FALSE           shift and go to state 33
    CHAR_LITERAL    shift and go to state 34
    LPAREN          shift and go to state 14

    expression                     shift and go to state 92
    primary                        shift and go to state 29
    func_call                      shift and go to state 35

state 59

    (47) expression -> expression EQ . expression
    (43) expression -> . expression PLUS expression
    (44) expression -> . expression MINUS expression
    (45) expression -> . expression MULT expression
    (46) expression -> . expression DIV expression
    (47) expression -> . expression EQ expression
    (48) expression -> . expression NEQ expression
    (49) expression -> . expression GT expression
    (50) expression -> . expression GTE expression
    (51) expression -> . expression LT expression
    (52) expression -> . expression LTE expression
    (53) expression -> . expression AND expression
    (54) expression -> . expression OR expression
    (55) expression -> . NOT expression
    (56) expression -> . MINUS expression
    (57) expression -> . expression LBRACKET expression RBRACKET
    (58) expression -> . expression DOT ID
    (59) expression -> . primary
    (60) primary -> . ID
    (61) primary -> . NUMBER
    (62) primary -> . TRUE
    (63) primary -> . FALSE
    (64) primary -> . CHAR_LITERAL
    (65) primary -> . func_call
    (66) primary -> . LPAREN expression RPAREN
    (86) func_call -> . ID LPAREN arg_list RPAREN

    NOT             shift and go to state 28
    MINUS           shift and go to state 27
    ID              shift and go to state 51
    NUMBER          shift and go to state 31
    TRUE            shift and go to state 32
    FALSE           shift and go to state 33
    CHAR_LITERAL    shift and go to state 34
    LPAREN          shift and go to state 14

    expression                     shift and go to state 93
    primary                        shift and go to state 29
    func_call                      shift and go to state 35

state 60

    (48) expression -> expression NEQ . expression
    (43) expression -> . expression PLUS expression
    (44) expression -> . expression MINUS expression
    (45) expression -> . expression MULT expression
    (46) expression -> . expression DIV expression
    (47) expression -> . expression EQ expression
    (48) expression -> . expression NEQ expression
    (49) expression -> . expression GT expression
    (50) expression -> . expression GTE expression
    (51) expression -> . expression LT expression
    (52) expression -> . expression LTE expression
    (53) expression -> . expression AND expression
    (54) expression -> . expression OR expression
    (55) expression -> . NOT expression
    (56) expression -> . MINUS expression
    (57) expression -> . expression LBRACKET expression RBRACKET
    (58) expression -> . expression DOT ID
    (59) expression -> . primary
    (60) primary -> . ID
    (61) primary -> . NUMBER
    (62) primary -> . TRUE
    (63) primary -> . FALSE
    (64) primary -> . CHAR_LITERAL
    (65) primary -> . func_call
    (66) primary -> . LPAREN expression RPAREN
    (86) func_call -> . ID LPAREN arg_list RPAREN

    NOT             shift and go to state 28
    MINUS           shift and go to state 27
    ID              shift and go to state 51
    NUMBER          shift and go to state 31
    TRUE            shift and go to state 32
    FALSE           shift and go to state 33
    CHAR_LITERAL    shift and go to state 34
    LPAREN          shift and go to state 14

    expression                     shift and go to state 94
    primary                        shift and go to state 29
    func_call                      shift and go to state 35

state 61

    (49) expression -> expression GT . expression
    (43) expression -> . expression PLUS expression
    (44) expression -> . expression MINUS expression
    (45) expression -> . expression MULT expression
    (46) expression -> . expression DIV expression
    (47) expression -> . expression EQ expression
    (48) expression -> . expression NEQ expression
    (49) expression -> . expression GT expression
    (50) expression -> . expression GTE expression
    (51) expression -> . expression LT expression
    (52) expression -> . expression LTE expression
    (53) expression -> . expression AND expression
    (54) expression -> . expression OR expression
    (55) expression -> . NOT expression
    (56) expression -> . MINUS expression
    (57) expression -> . expression LBRACKET expression RBRACKET
    (58) expression -> . expression DOT ID
    (59) expression -> . primary
    (60) primary -> . ID
    (61) primary -> . NUMBER
    (62) primary -> . TRUE
    (63) primary -> . FALSE
    (64) primary -> . CHAR_LITERAL
    (65) primary -> . func_call
    (66) primary -> . LPAREN expression RPAREN
    (86) func_call -> . ID LPAREN arg_list RPAREN

    NOT             shift and go to state 28
    MINUS           shift and go to state 27
    ID              shift and go to state 51
    NUMBER          shift and go to state 31
    TRUE            shift and go to state 32
    FALSE           shift and go to state 33
    CHAR_LITERAL    shift and go to state 34
    LPAREN          shift and go to state 14

    expression                     shift and go to state 95
    primary                        shift and go to state 29
    func_call                      shift and go to state 35

state 62

    (50) expression -> expression GTE . expression
    (43) expression -> . expression PLUS expression
    (44) expression -> . expression MINUS expression
    (45) expression -> . expression MULT expression
    (46) expression -> . expression DIV expression
    (47) expression -> . expression EQ expression
    (48) expression -> . expression NEQ expression
    (49) expression -> . expression GT expression
    (50) expression -> . expression GTE expression
    (51) expression -> . expression LT expression
    (52) expression -> . expression LTE expression
    (53) expression -> . expression AND expression
    (54) expression -> . expression OR expression
    (55) expression -> . NOT expression
    (56) expression -> . MINUS expression
    (57) expression -> . expression LBRACKET expression RBRACKET
    (58) expression -> . expression DOT ID
    (59) expression -> . primary
    (60) primary -> . ID
    (61) primary -> . NUMBER
    (62) primary -> . TRUE
    (63) primary -> . FALSE
    (64) primary -> . CHAR_LITERAL
    (65) primary -> . func_call
    (66) primary -> . LPAREN expression RPAREN
    (86) func_call -> . ID LPAREN arg_list RPAREN

    NOT             shift and go to state 28
    MINUS           shift and go to state 27
    ID              shift and go to state 51
    NUMBER          shift and go to state 31
    TRUE            shift and go to state 32
    FALSE           shift and go to state 33
    CHAR_LITERAL    shift and go to state 34
    LPAREN          shift and go to state 14

    expression                     shift and go to state 96
    primary                        shift and go to state 29
    func_call                      shift and go to state 35

state 63

    (51) expression -> expression LT . expression
    (43) expression -> . expression PLUS expression
    (44) expression -> . expression MINUS expression
    (45) expression -> . expression MULT expression
    (46) expression -> . expression DIV expression
    (47) expression -> . expression EQ expression
    (48) expression -> . expression NEQ expression
    (49) expression -> . expression GT expression
    (50) expression -> . expression GTE expression
    (51) expression -> . expression LT expression
    (52) expression -> . expression LTE expression
    (53) expression -> . expression AND expression
    (54) expression -> . expression OR expression
    (55) expression -> . NOT expression
    (56) expression -> . MINUS expression
    (57) expression -> . expression LBRACKET expression RBRACKET
    (58) expression -> . expression DOT ID
    (59) expression -> . primary
    (60) primary -> . ID
    (61) primary -> . NUMBER
    (62) primary -> . TRUE
    (63) primary -> . FALSE
    (64) primary -> . CHAR_LITERAL
    (65) primary -> . func_call
    (66) primary -> . LPAREN expression RPAREN
    (86) func_call -> . ID LPAREN arg_list RPAREN

    NOT             shift and go to state 28
    MINUS           shift and go to state 27
    ID              shift and go to state 51
    NUMBER          shift and go to state 31
    TRUE            shift and go to state 32
    FALSE           shift and go to state 33
    CHAR_LITERAL    shift and go to state 34
    LPAREN          shift and go to state 14

    expression                     shift and go to state 97
    primary                        shift and go to state 29
    func_call                      shift and go to state 35

state 64

    (52) expression -> expression LTE . expression
    (43) expression -> . expression PLUS expression
    (44) expression -> . expression MINUS expression
    (45) expression -> . expression MULT expression
    (46) expression -> . expression DIV expression
    (47) expression -> . expression EQ expression
    (48) expression -> . expression NEQ expression
    (49) expression -> . expression GT expression
    (50) expression -> . expression GTE expression
    (51) expression -> . expression LT expression
    (52) expression -> . expression LTE expression
    (53) expression -> . expression AND expression
    (54) expression -> . expression OR expression
    (55) expression -> . NOT expression
    (56) expression -> . MINUS expression
    (57) expression -> . expression LBRACKET expression RBRACKET
    (58) expression -> . expression DOT ID
    (59) expression -> . primary
    (60) primary -> . ID
    (61) primary -> . NUMBER
    (62) primary -> . TRUE
    (63) primary -> . FALSE
    (64) primary -> . CHAR_LITERAL
    (65) primary -> . func_call
    (66) primary -> . LPAREN expression RPAREN
    (86) func_call -> . ID LPAREN arg_list RPAREN

    NOT             shift and go to state 28
    MINUS           shift and go to state 27
    ID              shift and go to state 51
    NUMBER          shift and go to state 31
    TRUE            shift and go to state 32
    FALSE           shift and go to state 33
    CHAR_LITERAL    shift and go to state 34
    LPAREN          shift and go to state 14

    expression                     shift and go to state 98
    primary                        shift and go to state 29
    func_call                      shift and go to state 35

state 65

    (53) expression -> expression AND . expression
    (43) expression -> . expression PLUS expression
    (44) expression -> . expression MINUS expression
    (45) expression -> . expression MULT expression
    (46) expression -> . expression DIV expression
    (47) expression -> . expression EQ expression
    (48) expression -> . expression NEQ expression
    (49) expression -> . expression GT expression
    (50) expression -> . expression GTE expression
    (51) expression -> . expression LT expression
    (52) expression -> . expression LTE expression
    (53) expression -> . expression AND expression
    (54) expression -> . expression OR expression
    (55) expression -> . NOT expression
    (56) expression -> . MINUS expression
    (57) expression -> . expression LBRACKET expression RBRACKET
    (58) expression -> . expression DOT ID
    (59) expression -> . primary
    (60) primary -> . ID
    (61) primary -> . NUMBER
    (62) primary -> . TRUE
    (63) primary -> . FALSE
    (64) primary -> . CHAR_LITERAL
    (65) primary -> . func_call
    (66) primary -> . LPAREN expression RPAREN
    (86) func_call -> . ID LPAREN arg_list RPAREN

    NOT             shift and go to state 28
    MINUS           shift and go to state 27
    ID              shift and go to state 51
    NUMBER          shift and go to state 31
    TRUE            shift and go to state 32
    FALSE           shift and go to state 33
    CHAR_LITERAL    shift and go to state 34
    LPAREN          shift and go to state 14

    expression                     shift and go to state 99
    primary                        shift and go to state 29
    func_call                      shift and go to state 35

state 66

    (54) expression -> expression OR . expression
    (43) expression -> . expression PLUS expression
    (44) expression -> . expression MINUS expression
    (45) expression -> . expression MULT expression
    (46) expression -> . expression DIV expression
    (47) expression -> . expression EQ expression
    (48) expression -> . expression NEQ expression
    (49) expression -> . expression GT expression
    (50) expression -> . expression GTE expression
    (51) expression -> . expression LT expression
    (52) expression -> . expression LTE expression
    (53) expression -> . expression AND expression
    (54) expression -> . expression OR expression
    (55) expression -> . NOT expression
    (56) expression -> . MINUS expression
    (57) expression -> . expression LBRACKET expression RBRACKET
    (58) expression -> . expression DOT ID
    (59) expression -> . primary
    (60) primary -> . ID
    (61) primary -> . NUMBER
    (62) primary -> . TRUE
    (63) primary -> . FALSE
    (64) primary -> . CHAR_LITERAL
    (65) primary -> . func_call
    (66) primary -> . LPAREN expression RPAREN
    (86) func_call -> . ID LPAREN arg_list RPAREN

    NOT             shift and go to state 28
    MINUS           shift and go to state 27
    ID              shift and go to state 51
    NUMBER          shift and go to state 31
    TRUE            shift and go to state 32
    FALSE           shift and go to state 33
    CHAR_LITERAL    shift and go to state 34
    LPAREN          shift and go to state 14

    expression                     shift and go to state 100
    primary                        shift and go to state 29
    func_call                      shift and go to state 35

state 67

    (57) expression -> expression LBRACKET . expression RBRACKET
    (69) assignable -> expression LBRACKET . expression RBRACKET
    (43) expression -> . expression PLUS expression
    (44) expression -> . expression MINUS expression
    (45) expression -> . expression MULT expression
    (46) expression -> . expression DIV expression
    (47) expression -> . expression EQ expression
    (48) expression -> . expression NEQ expression
    (49) expression -> . expression GT expression
    (50) expression -> . expression GTE expression
    (51) expression -> . expression LT expression
    (52) expression -> . expression LTE expression
    (53) expression -> . expression AND expression
    (54) expression -> . expression OR expression
    (55) expression -> . NOT expression
    (56) expression -> . MINUS expression
    (57) expression -> . expression LBRACKET expression RBRACKET
    (58) expression -> . expression DOT ID
    (59) expression -> . primary
    (60) primary -> . ID
    (61) primary -> . NUMBER
    (62) primary -> . TRUE
    (63) primary -> . FALSE
    (64) primary -> . CHAR_LITERAL
    (65) primary -> . func_call
    (66) primary -> . LPAREN expression RPAREN
    (86) func_call -> . ID LPAREN arg_list RPAREN

    NOT             shift and go to state 28
    MINUS           shift and go to state 27
    ID              shift and go to state 51
    NUMBER          shift and go to state 31
    TRUE            shift and go to state 32
    FALSE           shift and go to state 33
    CHAR_LITERAL    shift and go to state 34
    LPAREN          shift and go to state 14

    expression                     shift and go to state 101
    primary                        shift and go to state 29
    func_call                      shift and go to state 35

state 68

    (58) expression -> expression DOT . ID
    (68) assignable -> expression DOT . ID

    ID              shift and go to state 102


state 69

    (70) statement -> assignable ASSIGN . expression
    (72) assignable_chain -> assignable ASSIGN . assignable_chain
    (43) expression -> . expression PLUS expression
    (44) expression -> . expression MINUS expression
    (45) expression -> . expression MULT expression
    (46) expression -> . expression DIV expression
    (47) expression -> . expression EQ expression
    (48) expression -> . expression NEQ expression
    (49) expression -> . expression GT expression
    (50) expression -> . expression GTE expression
    (51) expression -> . expression LT expression
    (52) expression -> . expression LTE expression
    (53) expression -> . expression AND expression
    (54) expression -> . expression OR expression
    (55) expression -> . NOT expression
    (56) expression -> . MINUS expression
    (57) expression -> . expression LBRACKET expression RBRACKET
    (58) expression -> . expression DOT ID
    (59) expression -> . primary
    (72) assignable_chain -> . assignable ASSIGN assignable_chain
    (73) assignable_chain -> . assignable
    (60) primary -> . ID
    (61) primary -> . NUMBER
    (62) primary -> . TRUE
    (63) primary -> . FALSE
    (64) primary -> . CHAR_LITERAL
    (65) primary -> . func_call
    (66) primary -> . LPAREN expression RPAREN
    (67) assignable -> . ID
    (68) assignable -> . expression DOT ID
    (69) assignable -> . expression LBRACKET expression RBRACKET
    (86) func_call -> . ID LPAREN arg_list RPAREN

    NOT             shift and go to state 28
    MINUS           shift and go to state 27
    ID              shift and go to state 106
    NUMBER          shift and go to state 31
    TRUE            shift and go to state 32
    FALSE           shift and go to state 33
    CHAR_LITERAL    shift and go to state 34
    LPAREN          shift and go to state 14

    assignable                     shift and go to state 103
    expression                     shift and go to state 104
    assignable_chain               shift and go to state 105
    primary                        shift and go to state 29
    func_call                      shift and go to state 35

state 70

    (71) statement -> assignable_chain ASSIGN . expression
    (43) expression -> . expression PLUS expression
    (44) expression -> . expression MINUS expression
    (45) expression -> . expression MULT expression
    (46) expression -> . expression DIV expression
    (47) expression -> . expression EQ expression
    (48) expression -> . expression NEQ expression
    (49) expression -> . expression GT expression
    (50) expression -> . expression GTE expression
    (51) expression -> . expression LT expression
    (52) expression -> . expression LTE expression
    (53) expression -> . expression AND expression
    (54) expression -> . expression OR expression
    (55) expression -> . NOT expression
    (56) expression -> . MINUS expression
    (57) expression -> . expression LBRACKET expression RBRACKET
    (58) expression -> . expression DOT ID
    (59) expression -> . primary
    (60) primary -> . ID
    (61) primary -> . NUMBER
    (62) primary -> . TRUE
    (63) primary -> . FALSE
    (64) primary -> . CHAR_LITERAL
    (65) primary -> . func_call
    (66) primary -> . LPAREN expression RPAREN
    (86) func_call -> . ID LPAREN arg_list RPAREN

    NOT             shift and go to state 28
    MINUS           shift and go to state 27
    ID              shift and go to state 51
    NUMBER          shift and go to state 31
    TRUE            shift and go to state 32
    FALSE           shift and go to state 33
    CHAR_LITERAL    shift and go to state 34
    LPAREN          shift and go to state 14

    expression                     shift and go to state 107
    primary                        shift and go to state 29
    func_call                      shift and go to state 35

state 71

    (74) if_statement -> IF expression . block
    (75) if_statement -> IF expression . block ELSE block
    (43) expression -> expression . PLUS expression
    (44) expression -> expression . MINUS expression
    (45) expression -> expression . MULT expression
    (46) expression -> expression . DIV expression
    (47) expression -> expression . EQ expression
    (48) expression -> expression . NEQ expression
    (49) expression -> expression . GT expression
    (50) expression -> expression . GTE expression
    (51) expression -> expression . LT expression
    (52) expression -> expression . LTE expression
    (53) expression -> expression . AND expression
    (54) expression -> expression . OR expression
    (57) expression -> expression . LBRACKET expression RBRACKET
    (58) expression -> expression . DOT ID
    (91) block -> . COLON optional_newlines statement_list
    (92) block -> . COLON LBRACE NEWLINE statement_list RBRACE NEWLINE

    PLUS            shift and go to state 55
    MINUS           shift and go to state 56
    MULT            shift and go to state 57
    DIV             shift and go to state 58
    EQ              shift and go to state 59
    NEQ             shift and go to state 60
    GT              shift and go to state 61
    GTE             shift and go to state 62
    LT              shift and go to state 63
    LTE             shift and go to state 64
    AND             shift and go to state 65
    OR              shift and go to state 66
    LBRACKET        shift and go to state 85
    DOT             shift and go to state 86
    COLON           shift and go to state 109

    block                          shift and go to state 108

state 72

    (76) while_statement -> WHILE expression . block
    (43) expression -> expression . PLUS expression
    (44) expression -> expression . MINUS expression
    (45) expression -> expression . MULT expression
    (46) expression -> expression . DIV expression
    (47) expression -> expression . EQ expression
    (48) expression -> expression . NEQ expression
    (49) expression -> expression . GT expression
    (50) expression -> expression . GTE expression
    (51) expression -> expression . LT expression
    (52) expression -> expression . LTE expression
    (53) expression -> expression . AND expression
    (54) expression -> expression . OR expression
    (57) expression -> expression . LBRACKET expression RBRACKET
    (58) expression -> expression . DOT ID
    (91) block -> . COLON optional_newlines statement_list
    (92) block -> . COLON LBRACE NEWLINE statement_list RBRACE NEWLINE

    PLUS            shift and go to state 55
    MINUS           shift and go to state 56
    MULT            shift and go to state 57
    DIV             shift and go to state 58
    EQ              shift and go to state 59
    NEQ             shift and go to state 60
    GT              shift and go to state 61
    GTE             shift and go to state 62
    LT              shift and go to state 63
    LTE             shift and go to state 64
    AND             shift and go to state 65
    OR              shift and go to state 66
    LBRACKET        shift and go to state 85
    DOT             shift and go to state 86
    COLON           shift and go to state 109

    block                          shift and go to state 110

state 73

    (85) return_statement -> RETURN expression .
    (43) expression -> expression . PLUS expression
    (44) expression -> expression . MINUS expression
    (45) expression -> expression . MULT expression
    (46) expression -> expression . DIV expression
    (47) expression -> expression . EQ expression
    (48) expression -> expression . NEQ expression
    (49) expression -> expression . GT expression
    (50) expression -> expression . GTE expression
    (51) expression -> expression . LT expression
    (52) expression -> expression . LTE expression
    (53) expression -> expression . AND expression
    (54) expression -> expression . OR expression
    (57) expression -> expression . LBRACKET expression RBRACKET
    (58) expression -> expression . DOT ID

    NEWLINE         reduce using rule 85 (return_statement -> RETURN expression .)
    PLUS            shift and go to state 55
    MINUS           shift and go to state 56
    MULT            shift and go to state 57
    DIV             shift and go to state 58
    EQ              shift and go to state 59
    NEQ             shift and go to state 60
    GT              shift and go to state 61
    GTE             shift and go to state 62
    LT              shift and go to state 63
    LTE             shift and go to state 64
    AND             shift and go to state 65
    OR              shift and go to state 66
    LBRACKET        shift and go to state 85
    DOT             shift and go to state 86


state 74

    (56) expression -> MINUS expression .
    (43) expression -> expression . PLUS expression
    (44) expression -> expression . MINUS expression
    (45) expression -> expression . MULT expression
    (46) expression -> expression . DIV expression
    (47) expression -> expression . EQ expression
    (48) expression -> expression . NEQ expression
    (49) expression -> expression . GT expression
    (50) expression -> expression . GTE expression
    (51) expression -> expression . LT expression
    (52) expression -> expression . LTE expression
    (53) expression -> expression . AND expression
    (54) expression -> expression . OR expression
    (57) expression -> expression . LBRACKET expression RBRACKET
    (58) expression -> expression . DOT ID

    AND             reduce using rule 56 (expression -> MINUS expression .)
    OR              reduce using rule 56 (expression -> MINUS expression .)
    LBRACKET        reduce using rule 56 (expression -> MINUS expression .)
    NEWLINE         reduce using rule 56 (expression -> MINUS expression .)
    RPAREN          reduce using rule 56 (expression -> MINUS expression .)
    COLON           reduce using rule 56 (expression -> MINUS expression .)
    RBRACKET        reduce using rule 56 (expression -> MINUS expression .)
    COMMA           reduce using rule 56 (expression -> MINUS expression .)
    PLUS            shift and go to state 55
    MINUS           shift and go to state 56
    MULT            shift and go to state 57
    DIV             shift and go to state 58
    EQ              shift and go to state 59
    NEQ             shift and go to state 60
    GT              shift and go to state 61
    GTE             shift and go to state 62
    LT              shift and go to state 63
    LTE             shift and go to state 64
    DOT             shift and go to state 86

  ! PLUS            [ reduce using rule 56 (expression -> MINUS expression .) ]
  ! MINUS           [ reduce using rule 56 (expression -> MINUS expression .) ]
  ! MULT            [ reduce using rule 56 (expression -> MINUS expression .) ]
  ! DIV             [ reduce using rule 56 (expression -> MINUS expression .) ]
  ! EQ              [ reduce using rule 56 (expression -> MINUS expression .) ]
  ! NEQ             [ reduce using rule 56 (expression -> MINUS expression .) ]
  ! GT              [ reduce using rule 56 (expression -> MINUS expression .) ]
  ! GTE             [ reduce using rule 56 (expression -> MINUS expression .) ]
  ! LT              [ reduce using rule 56 (expression -> MINUS expression .) ]
  ! LTE             [ reduce using rule 56 (expression -> MINUS expression .) ]
  ! DOT             [ reduce using rule 56 (expression -> MINUS expression .) ]
  ! AND             [ shift and go to state 65 ]
  ! OR              [ shift and go to state 66 ]
  ! LBRACKET        [ shift and go to state 85 ]


state 75

    (55) expression -> NOT expression .
    (43) expression -> expression . PLUS expression
    (44) expression -> expression . MINUS expression
    (45) expression -> expression . MULT expression
    (46) expression -> expression . DIV expression
    (47) expression -> expression . EQ expression
    (48) expression -> expression . NEQ expression
    (49) expression -> expression . GT expression
    (50) expression -> expression . GTE expression
    (51) expression -> expression . LT expression
    (52) expression -> expression . LTE expression
    (53) expression -> expression . AND expression
    (54) expression -> expression . OR expression
    (57) expression -> expression . LBRACKET expression RBRACKET
    (58) expression -> expression . DOT ID

    AND             reduce using rule 55 (expression -> NOT expression .)
    OR              reduce using rule 55 (expression -> NOT expression .)
    LBRACKET        reduce using rule 55 (expression -> NOT expression .)
    NEWLINE         reduce using rule 55 (expression -> NOT expression .)
    RPAREN          reduce using rule 55 (expression -> NOT expression .)
    COLON           reduce using rule 55 (expression -> NOT expression .)
    RBRACKET        reduce using rule 55 (expression -> NOT expression .)
    COMMA           reduce using rule 55 (expression -> NOT expression .)
    PLUS            shift and go to state 55
    MINUS           shift and go to state 56
    MULT            shift and go to state 57
    DIV             shift and go to state 58
    EQ              shift and go to state 59
    NEQ             shift and go to state 60
    GT              shift and go to state 61
    GTE             shift and go to state 62
    LT              shift and go to state 63
    LTE             shift and go to state 64
    DOT             shift and go to state 86

  ! PLUS            [ reduce using rule 55 (expression -> NOT expression .) ]
  ! MINUS           [ reduce using rule 55 (expression -> NOT expression .) ]
  ! MULT            [ reduce using rule 55 (expression -> NOT expression .) ]
  ! DIV             [ reduce using rule 55 (expression -> NOT expression .) ]
  ! EQ              [ reduce using rule 55 (expression -> NOT expression .) ]
  ! NEQ             [ reduce using rule 55 (expression -> NOT expression .) ]
  ! GT              [ reduce using rule 55 (expression -> NOT expression .) ]
  ! GTE             [ reduce using rule 55 (expression -> NOT expression .) ]
  ! LT              [ reduce using rule 55 (expression -> NOT expression .) ]
  ! LTE             [ reduce using rule 55 (expression -> NOT expression .) ]
  ! DOT             [ reduce using rule 55 (expression -> NOT expression .) ]
  ! AND             [ shift and go to state 65 ]
  ! OR              [ shift and go to state 66 ]
  ! LBRACKET        [ shift and go to state 85 ]


state 76

    (3) top_level_list -> top_level optional_newlines top_level_list .

    $end            reduce using rule 3 (top_level_list -> top_level optional_newlines top_level_list .)


state 77

    (77) func_def -> DEF type ID . LPAREN param_list RPAREN store_params prepare_func_scope COLON LBRACE NEWLINE statement_list RBRACE

    LPAREN          shift and go to state 111


state 78

    (17) declaration -> type LBRACKET expression . RBRACKET ID
    (43) expression -> expression . PLUS expression
    (44) expression -> expression . MINUS expression
    (45) expression -> expression . MULT expression
    (46) expression -> expression . DIV expression
    (47) expression -> expression . EQ expression
    (48) expression -> expression . NEQ expression
    (49) expression -> expression . GT expression
    (50) expression -> expression . GTE expression
    (51) expression -> expression . LT expression
    (52) expression -> expression . LTE expression
    (53) expression -> expression . AND expression
    (54) expression -> expression . OR expression
    (57) expression -> expression . LBRACKET expression RBRACKET
    (58) expression -> expression . DOT ID

    RBRACKET        shift and go to state 112
    PLUS            shift and go to state 55
    MINUS           shift and go to state 56
    MULT            shift and go to state 57
    DIV             shift and go to state 58
    EQ              shift and go to state 59
    NEQ             shift and go to state 60
    GT              shift and go to state 61
    GTE             shift and go to state 62
    LT              shift and go to state 63
    LTE             shift and go to state 64
    AND             shift and go to state 65
    OR              shift and go to state 66
    LBRACKET        shift and go to state 85
    DOT             shift and go to state 86


state 79

    (22) declaration_item -> ID ASSIGN . expression
    (43) expression -> . expression PLUS expression
    (44) expression -> . expression MINUS expression
    (45) expression -> . expression MULT expression
    (46) expression -> . expression DIV expression
    (47) expression -> . expression EQ expression
    (48) expression -> . expression NEQ expression
    (49) expression -> . expression GT expression
    (50) expression -> . expression GTE expression
    (51) expression -> . expression LT expression
    (52) expression -> . expression LTE expression
    (53) expression -> . expression AND expression
    (54) expression -> . expression OR expression
    (55) expression -> . NOT expression
    (56) expression -> . MINUS expression
    (57) expression -> . expression LBRACKET expression RBRACKET
    (58) expression -> . expression DOT ID
    (59) expression -> . primary
    (60) primary -> . ID
    (61) primary -> . NUMBER
    (62) primary -> . TRUE
    (63) primary -> . FALSE
    (64) primary -> . CHAR_LITERAL
    (65) primary -> . func_call
    (66) primary -> . LPAREN expression RPAREN
    (86) func_call -> . ID LPAREN arg_list RPAREN

    NOT             shift and go to state 28
    MINUS           shift and go to state 27
    ID              shift and go to state 51
    NUMBER          shift and go to state 31
    TRUE            shift and go to state 32
    FALSE           shift and go to state 33
    CHAR_LITERAL    shift and go to state 34
    LPAREN          shift and go to state 14

    expression                     shift and go to state 113
    primary                        shift and go to state 29
    func_call                      shift and go to state 35

state 80

    (19) declaration_list -> declaration_item COMMA . declaration_list
    (19) declaration_list -> . declaration_item COMMA declaration_list
    (20) declaration_list -> . declaration_item
    (21) declaration_item -> . ID
    (22) declaration_item -> . ID ASSIGN expression

    ID              shift and go to state 46

    declaration_item               shift and go to state 48
    declaration_list               shift and go to state 114

state 81

    (86) func_call -> ID LPAREN arg_list . RPAREN
    (87) arg_list -> arg_list . COMMA expression

    RPAREN          shift and go to state 115
    COMMA           shift and go to state 116


state 82

    (88) arg_list -> expression .
    (43) expression -> expression . PLUS expression
    (44) expression -> expression . MINUS expression
    (45) expression -> expression . MULT expression
    (46) expression -> expression . DIV expression
    (47) expression -> expression . EQ expression
    (48) expression -> expression . NEQ expression
    (49) expression -> expression . GT expression
    (50) expression -> expression . GTE expression
    (51) expression -> expression . LT expression
    (52) expression -> expression . LTE expression
    (53) expression -> expression . AND expression
    (54) expression -> expression . OR expression
    (57) expression -> expression . LBRACKET expression RBRACKET
    (58) expression -> expression . DOT ID

    RPAREN          reduce using rule 88 (arg_list -> expression .)
    COMMA           reduce using rule 88 (arg_list -> expression .)
    PLUS            shift and go to state 55
    MINUS           shift and go to state 56
    MULT            shift and go to state 57
    DIV             shift and go to state 58
    EQ              shift and go to state 59
    NEQ             shift and go to state 60
    GT              shift and go to state 61
    GTE             shift and go to state 62
    LT              shift and go to state 63
    LTE             shift and go to state 64
    AND             shift and go to state 65
    OR              shift and go to state 66
    LBRACKET        shift and go to state 85
    DOT             shift and go to state 86


state 83

    (89) arg_list -> empty .

    RPAREN          reduce using rule 89 (arg_list -> empty .)
    COMMA           reduce using rule 89 (arg_list -> empty .)


state 84

    (66) primary -> LPAREN expression RPAREN .

    PLUS            reduce using rule 66 (primary -> LPAREN expression RPAREN .)
    MINUS           reduce using rule 66 (primary -> LPAREN expression RPAREN .)
    MULT            reduce using rule 66 (primary -> LPAREN expression RPAREN .)
    DIV             reduce using rule 66 (primary -> LPAREN expression RPAREN .)
    EQ              reduce using rule 66 (primary -> LPAREN expression RPAREN .)
    NEQ             reduce using rule 66 (primary -> LPAREN expression RPAREN .)
    GT              reduce using rule 66 (primary -> LPAREN expression RPAREN .)
    GTE             reduce using rule 66 (primary -> LPAREN expression RPAREN .)
    LT              reduce using rule 66 (primary -> LPAREN expression RPAREN .)
    LTE             reduce using rule 66 (primary -> LPAREN expression RPAREN .)
    AND             reduce using rule 66 (primary -> LPAREN expression RPAREN .)
    OR              reduce using rule 66 (primary -> LPAREN expression RPAREN .)
    LBRACKET        reduce using rule 66 (primary -> LPAREN expression RPAREN .)
    DOT             reduce using rule 66 (primary -> LPAREN expression RPAREN .)
    NEWLINE         reduce using rule 66 (primary -> LPAREN expression RPAREN .)
    RPAREN          reduce using rule 66 (primary -> LPAREN expression RPAREN .)
    COLON           reduce using rule 66 (primary -> LPAREN expression RPAREN .)
    RBRACKET        reduce using rule 66 (primary -> LPAREN expression RPAREN .)
    COMMA           reduce using rule 66 (primary -> LPAREN expression RPAREN .)


state 85

    (57) expression -> expression LBRACKET . expression RBRACKET
    (43) expression -> . expression PLUS expression
    (44) expression -> . expression MINUS expression
    (45) expression -> . expression MULT expression
    (46) expression -> . expression DIV expression
    (47) expression -> . expression EQ expression
    (48) expression -> . expression NEQ expression
    (49) expression -> . expression GT expression
    (50) expression -> . expression GTE expression
    (51) expression -> . expression LT expression
    (52) expression -> . expression LTE expression
    (53) expression -> . expression AND expression
    (54) expression -> . expression OR expression
    (55) expression -> . NOT expression
    (56) expression -> . MINUS expression
    (57) expression -> . expression LBRACKET expression RBRACKET
    (58) expression -> . expression DOT ID
    (59) expression -> . primary
    (60) primary -> . ID
    (61) primary -> . NUMBER
    (62) primary -> . TRUE
    (63) primary -> . FALSE
    (64) primary -> . CHAR_LITERAL
    (65) primary -> . func_call
    (66) primary -> . LPAREN expression RPAREN
    (86) func_call -> . ID LPAREN arg_list RPAREN

    NOT             shift and go to state 28
    MINUS           shift and go to state 27
    ID              shift and go to state 51
    NUMBER          shift and go to state 31
    TRUE            shift and go to state 32
    FALSE           shift and go to state 33
    CHAR_LITERAL    shift and go to state 34
    LPAREN          shift and go to state 14

    expression                     shift and go to state 117
    primary                        shift and go to state 29
    func_call                      shift and go to state 35

state 86

    (58) expression -> expression DOT . ID

    ID              shift and go to state 118


state 87

    (34) type_def -> TYPE TYPENAME COLON . type_block
    (36) type_block -> . LBRACE type_declaration_lines RBRACE

    LBRACE          shift and go to state 120

    type_block                     shift and go to state 119

state 88

    (35) type_def -> TYPE ID COLON . type_block
    (36) type_block -> . LBRACE type_declaration_lines RBRACE

    LBRACE          shift and go to state 120

    type_block                     shift and go to state 121

state 89

    (43) expression -> expression PLUS expression .
    (43) expression -> expression . PLUS expression
    (44) expression -> expression . MINUS expression
    (45) expression -> expression . MULT expression
    (46) expression -> expression . DIV expression
    (47) expression -> expression . EQ expression
    (48) expression -> expression . NEQ expression
    (49) expression -> expression . GT expression
    (50) expression -> expression . GTE expression
    (51) expression -> expression . LT expression
    (52) expression -> expression . LTE expression
    (53) expression -> expression . AND expression
    (54) expression -> expression . OR expression
    (57) expression -> expression . LBRACKET expression RBRACKET
    (58) expression -> expression . DOT ID

    PLUS            reduce using rule 43 (expression -> expression PLUS expression .)
    MINUS           reduce using rule 43 (expression -> expression PLUS expression .)
    EQ              reduce using rule 43 (expression -> expression PLUS expression .)
    NEQ             reduce using rule 43 (expression -> expression PLUS expression .)
    GT              reduce using rule 43 (expression -> expression PLUS expression .)
    GTE             reduce using rule 43 (expression -> expression PLUS expression .)
    LT              reduce using rule 43 (expression -> expression PLUS expression .)
    LTE             reduce using rule 43 (expression -> expression PLUS expression .)
    AND             reduce using rule 43 (expression -> expression PLUS expression .)
    OR              reduce using rule 43 (expression -> expression PLUS expression .)
    LBRACKET        reduce using rule 43 (expression -> expression PLUS expression .)
    NEWLINE         reduce using rule 43 (expression -> expression PLUS expression .)
    RPAREN          reduce using rule 43 (expression -> expression PLUS expression .)
    COLON           reduce using rule 43 (expression -> expression PLUS expression .)
    RBRACKET        reduce using rule 43 (expression -> expression PLUS expression .)
    COMMA           reduce using rule 43 (expression -> expression PLUS expression .)
    MULT            shift and go to state 57
    DIV             shift and go to state 58
    DOT             shift and go to state 86

  ! MULT            [ reduce using rule 43 (expression -> expression PLUS expression .) ]
  ! DIV             [ reduce using rule 43 (expression -> expression PLUS expression .) ]
  ! DOT             [ reduce using rule 43 (expression -> expression PLUS expression .) ]
  ! PLUS            [ shift and go to state 55 ]
  ! MINUS           [ shift and go to state 56 ]
  ! EQ              [ shift and go to state 59 ]
  ! NEQ             [ shift and go to state 60 ]
  ! GT              [ shift and go to state 61 ]
  ! GTE             [ shift and go to state 62 ]
  ! LT              [ shift and go to state 63 ]
  ! LTE             [ shift and go to state 64 ]
  ! AND             [ shift and go to state 65 ]
  ! OR              [ shift and go to state 66 ]
  ! LBRACKET        [ shift and go to state 85 ]


state 90

    (44) expression -> expression MINUS expression .
    (43) expression -> expression . PLUS expression
    (44) expression -> expression . MINUS expression
    (45) expression -> expression . MULT expression
    (46) expression -> expression . DIV expression
    (47) expression -> expression . EQ expression
    (48) expression -> expression . NEQ expression
    (49) expression -> expression . GT expression
    (50) expression -> expression . GTE expression
    (51) expression -> expression . LT expression
    (52) expression -> expression . LTE expression
    (53) expression -> expression . AND expression
    (54) expression -> expression . OR expression
    (57) expression -> expression . LBRACKET expression RBRACKET
    (58) expression -> expression . DOT ID

    PLUS            reduce using rule 44 (expression -> expression MINUS expression .)
    MINUS           reduce using rule 44 (expression -> expression MINUS expression .)
    EQ              reduce using rule 44 (expression -> expression MINUS expression .)
    NEQ             reduce using rule 44 (expression -> expression MINUS expression .)
    GT              reduce using rule 44 (expression -> expression MINUS expression .)
    GTE             reduce using rule 44 (expression -> expression MINUS expression .)
    LT              reduce using rule 44 (expression -> expression MINUS expression .)
    LTE             reduce using rule 44 (expression -> expression MINUS expression .)
    AND             reduce using rule 44 (expression -> expression MINUS expression .)
    OR              reduce using rule 44 (expression -> expression MINUS expression .)
    LBRACKET        reduce using rule 44 (expression -> expression MINUS expression .)
    NEWLINE         reduce using rule 44 (expression -> expression MINUS expression .)
    RPAREN          reduce using rule 44 (expression -> expression MINUS expression .)
    COLON           reduce using rule 44 (expression -> expression MINUS expression .)
    RBRACKET        reduce using rule 44 (expression -> expression MINUS expression .)
    COMMA           reduce using rule 44 (expression -> expression MINUS expression .)
    MULT            shift and go to state 57
    DIV             shift and go to state 58
    DOT             shift and go to state 86

  ! MULT            [ reduce using rule 44 (expression -> expression MINUS expression .) ]
  ! DIV             [ reduce using rule 44 (expression -> expression MINUS expression .) ]
  ! DOT             [ reduce using rule 44 (expression -> expression MINUS expression .) ]
  ! PLUS            [ shift and go to state 55 ]
  ! MINUS           [ shift and go to state 56 ]
  ! EQ              [ shift and go to state 59 ]
  ! NEQ             [ shift and go to state 60 ]
  ! GT              [ shift and go to state 61 ]
  ! GTE             [ shift and go to state 62 ]
  ! LT              [ shift and go to state 63 ]
  ! LTE             [ shift and go to state 64 ]
  ! AND             [ shift and go to state 65 ]
  ! OR              [ shift and go to state 66 ]
  ! LBRACKET        [ shift and go to state 85 ]


state 91

    (45) expression -> expression MULT expression .
    (43) expression -> expression . PLUS expression
    (44) expression -> expression . MINUS expression
    (45) expression -> expression . MULT expression
    (46) expression -> expression . DIV expression
    (47) expression -> expression . EQ expression
    (48) expression -> expression . NEQ expression
    (49) expression -> expression . GT expression
    (50) expression -> expression . GTE expression
    (51) expression -> expression . LT expression
    (52) expression -> expression . LTE expression
    (53) expression -> expression . AND expression
    (54) expression -> expression . OR expression
    (57) expression -> expression . LBRACKET expression RBRACKET
    (58) expression -> expression . DOT ID

    PLUS            reduce using rule 45 (expression -> expression MULT expression .)
    MINUS           reduce using rule 45 (expression -> expression MULT expression .)
    MULT            reduce using rule 45 (expression -> expression MULT expression .)
    DIV             reduce using rule 45 (expression -> expression MULT expression .)
    EQ              reduce using rule 45 (expression -> expression MULT expression .)
    NEQ             reduce using rule 45 (expression -> expression MULT expression .)
    GT              reduce using rule 45 (expression -> expression MULT expression .)
    GTE             reduce using rule 45 (expression -> expression MULT expression .)
    LT              reduce using rule 45 (expression -> expression MULT expression .)
    LTE             reduce using rule 45 (expression -> expression MULT expression .)
    AND             reduce using rule 45 (expression -> expression MULT expression .)
    OR              reduce using rule 45 (expression -> expression MULT expression .)
    LBRACKET        reduce using rule 45 (expression -> expression MULT expression .)
    NEWLINE         reduce using rule 45 (expression -> expression MULT expression .)
    RPAREN          reduce using rule 45 (expression -> expression MULT expression .)
    COLON           reduce using rule 45 (expression -> expression MULT expression .)
    RBRACKET        reduce using rule 45 (expression -> expression MULT expression .)
    COMMA           reduce using rule 45 (expression -> expression MULT expression .)
    DOT             shift and go to state 86

  ! DOT             [ reduce using rule 45 (expression -> expression MULT expression .) ]
  ! PLUS            [ shift and go to state 55 ]
  ! MINUS           [ shift and go to state 56 ]
  ! MULT            [ shift and go to state 57 ]
  ! DIV             [ shift and go to state 58 ]
  ! EQ              [ shift and go to state 59 ]
  ! NEQ             [ shift and go to state 60 ]
  ! GT              [ shift and go to state 61 ]
  ! GTE             [ shift and go to state 62 ]
  ! LT              [ shift and go to state 63 ]
  ! LTE             [ shift and go to state 64 ]
  ! AND             [ shift and go to state 65 ]
  ! OR              [ shift and go to state 66 ]
  ! LBRACKET        [ shift and go to state 85 ]


state 92

    (46) expression -> expression DIV expression .
    (43) expression -> expression . PLUS expression
    (44) expression -> expression . MINUS expression
    (45) expression -> expression . MULT expression
    (46) expression -> expression . DIV expression
    (47) expression -> expression . EQ expression
    (48) expression -> expression . NEQ expression
    (49) expression -> expression . GT expression
    (50) expression -> expression . GTE expression
    (51) expression -> expression . LT expression
    (52) expression -> expression . LTE expression
    (53) expression -> expression . AND expression
    (54) expression -> expression . OR expression
    (57) expression -> expression . LBRACKET expression RBRACKET
    (58) expression -> expression . DOT ID

    PLUS            reduce using rule 46 (expression -> expression DIV expression .)
    MINUS           reduce using rule 46 (expression -> expression DIV expression .)
    MULT            reduce using rule 46 (expression -> expression DIV expression .)
    DIV             reduce using rule 46 (expression -> expression DIV expression .)
    EQ              reduce using rule 46 (expression -> expression DIV expression .)
    NEQ             reduce using rule 46 (expression -> expression DIV expression .)
    GT              reduce using rule 46 (expression -> expression DIV expression .)
    GTE             reduce using rule 46 (expression -> expression DIV expression .)
    LT              reduce using rule 46 (expression -> expression DIV expression .)
    LTE             reduce using rule 46 (expression -> expression DIV expression .)
    AND             reduce using rule 46 (expression -> expression DIV expression .)
    OR              reduce using rule 46 (expression -> expression DIV expression .)
    LBRACKET        reduce using rule 46 (expression -> expression DIV expression .)
    NEWLINE         reduce using rule 46 (expression -> expression DIV expression .)
    RPAREN          reduce using rule 46 (expression -> expression DIV expression .)
    COLON           reduce using rule 46 (expression -> expression DIV expression .)
    RBRACKET        reduce using rule 46 (expression -> expression DIV expression .)
    COMMA           reduce using rule 46 (expression -> expression DIV expression .)
    DOT             shift and go to state 86

  ! DOT             [ reduce using rule 46 (expression -> expression DIV expression .) ]
  ! PLUS            [ shift and go to state 55 ]
  ! MINUS           [ shift and go to state 56 ]
  ! MULT            [ shift and go to state 57 ]
  ! DIV             [ shift and go to state 58 ]
  ! EQ              [ shift and go to state 59 ]
  ! NEQ             [ shift and go to state 60 ]
  ! GT              [ shift and go to state 61 ]
  ! GTE             [ shift and go to state 62 ]
  ! LT              [ shift and go to state 63 ]
  ! LTE             [ shift and go to state 64 ]
  ! AND             [ shift and go to state 65 ]
  ! OR              [ shift and go to state 66 ]
  ! LBRACKET        [ shift and go to state 85 ]


state 93

    (47) expression -> expression EQ expression .
    (43) expression -> expression . PLUS expression
    (44) expression -> expression . MINUS expression
    (45) expression -> expression . MULT expression
    (46) expression -> expression . DIV expression
    (47) expression -> expression . EQ expression
    (48) expression -> expression . NEQ expression
    (49) expression -> expression . GT expression
    (50) expression -> expression . GTE expression
    (51) expression -> expression . LT expression
    (52) expression -> expression . LTE expression
    (53) expression -> expression . AND expression
    (54) expression -> expression . OR expression
    (57) expression -> expression . LBRACKET expression RBRACKET
    (58) expression -> expression . DOT ID

    EQ              reduce using rule 47 (expression -> expression EQ expression .)
    NEQ             reduce using rule 47 (expression -> expression EQ expression .)
    GT              reduce using rule 47 (expression -> expression EQ expression .)
    GTE             reduce using rule 47 (expression -> expression EQ expression .)
    LT              reduce using rule 47 (expression -> expression EQ expression .)
    LTE             reduce using rule 47 (expression -> expression EQ expression .)
    AND             reduce using rule 47 (expression -> expression EQ expression .)
    OR              reduce using rule 47 (expression -> expression EQ expression .)
    LBRACKET        reduce using rule 47 (expression -> expression EQ expression .)
    NEWLINE         reduce using rule 47 (expression -> expression EQ expression .)
    RPAREN          reduce using rule 47 (expression -> expression EQ expression .)
    COLON           reduce using rule 47 (expression -> expression EQ expression .)
    RBRACKET        reduce using rule 47 (expression -> expression EQ expression .)
    COMMA           reduce using rule 47 (expression -> expression EQ expression .)
    PLUS            shift and go to state 55
    MINUS           shift and go to state 56
    MULT            shift and go to state 57
    DIV             shift and go to state 58
    DOT             shift and go to state 86

  ! PLUS            [ reduce using rule 47 (expression -> expression EQ expression .) ]
  ! MINUS           [ reduce using rule 47 (expression -> expression EQ expression .) ]
  ! MULT            [ reduce using rule 47 (expression -> expression EQ expression .) ]
  ! DIV             [ reduce using rule 47 (expression -> expression EQ expression .) ]
  ! DOT             [ reduce using rule 47 (expression -> expression EQ expression .) ]
  ! EQ              [ shift and go to state 59 ]
  ! NEQ             [ shift and go to state 60 ]
  ! GT              [ shift and go to state 61 ]
  ! GTE             [ shift and go to state 62 ]
  ! LT              [ shift and go to state 63 ]
  ! LTE             [ shift and go to state 64 ]
  ! AND             [ shift and go to state 65 ]
  ! OR              [ shift and go to state 66 ]
  ! LBRACKET        [ shift and go to state 85 ]


state 94

    (48) expression -> expression NEQ expression .
    (43) expression -> expression . PLUS expression
    (44) expression -> expression . MINUS expression
    (45) expression -> expression . MULT expression
    (46) expression -> expression . DIV expression
    (47) expression -> expression . EQ expression
    (48) expression -> expression . NEQ expression
    (49) expression -> expression . GT expression
    (50) expression -> expression . GTE expression
    (51) expression -> expression . LT expression
    (52) expression -> expression . LTE expression
    (53) expression -> expression . AND expression
    (54) expression -> expression . OR expression
    (57) expression -> expression . LBRACKET expression RBRACKET
    (58) expression -> expression . DOT ID

    EQ              reduce using rule 48 (expression -> expression NEQ expression .)
    NEQ             reduce using rule 48 (expression -> expression NEQ expression .)
    GT              reduce using rule 48 (expression -> expression NEQ expression .)
    GTE             reduce using rule 48 (expression -> expression NEQ expression .)
    LT              reduce using rule 48 (expression -> expression NEQ expression .)
    LTE             reduce using rule 48 (expression -> expression NEQ expression .)
    AND             reduce using rule 48 (expression -> expression NEQ expression .)
    OR              reduce using rule 48 (expression -> expression NEQ expression .)
    LBRACKET        reduce using rule 48 (expression -> expression NEQ expression .)
    NEWLINE         reduce using rule 48 (expression -> expression NEQ expression .)
    RPAREN          reduce using rule 48 (expression -> expression NEQ expression .)
    COLON           reduce using rule 48 (expression -> expression NEQ expression .)
    RBRACKET        reduce using rule 48 (expression -> expression NEQ expression .)
    COMMA           reduce using rule 48 (expression -> expression NEQ expression .)
    PLUS            shift and go to state 55
    MINUS           shift and go to state 56
    MULT            shift and go to state 57
    DIV             shift and go to state 58
    DOT             shift and go to state 86

  ! PLUS            [ reduce using rule 48 (expression -> expression NEQ expression .) ]
  ! MINUS           [ reduce using rule 48 (expression -> expression NEQ expression .) ]
  ! MULT            [ reduce using rule 48 (expression -> expression NEQ expression .) ]
  ! DIV             [ reduce using rule 48 (expression -> expression NEQ expression .) ]
  ! DOT             [ reduce using rule 48 (expression -> expression NEQ expression .) ]
  ! EQ              [ shift and go to state 59 ]
  ! NEQ             [ shift and go to state 60 ]
  ! GT              [ shift and go to state 61 ]
  ! GTE             [ shift and go to state 62 ]
  ! LT              [ shift and go to state 63 ]
  ! LTE             [ shift and go to state 64 ]
  ! AND             [ shift and go to state 65 ]
  ! OR              [ shift and go to state 66 ]
  ! LBRACKET        [ shift and go to state 85 ]


state 95

    (49) expression -> expression GT expression .
    (43) expression -> expression . PLUS expression
    (44) expression -> expression . MINUS expression
    (45) expression -> expression . MULT expression
    (46) expression -> expression . DIV expression
    (47) expression -> expression . EQ expression
    (48) expression -> expression . NEQ expression
    (49) expression -> expression . GT expression
    (50) expression -> expression . GTE expression
    (51) expression -> expression . LT expression
    (52) expression -> expression . LTE expression
    (53) expression -> expression . AND expression
    (54) expression -> expression . OR expression
    (57) expression -> expression . LBRACKET expression RBRACKET
    (58) expression -> expression . DOT ID

    EQ              reduce using rule 49 (expression -> expression GT expression .)
    NEQ             reduce using rule 49 (expression -> expression GT expression .)
    GT              reduce using rule 49 (expression -> expression GT expression .)
    GTE             reduce using rule 49 (expression -> expression GT expression .)
    LT              reduce using rule 49 (expression -> expression GT expression .)
    LTE             reduce using rule 49 (expression -> expression GT expression .)
    AND             reduce using rule 49 (expression -> expression GT expression .)
    OR              reduce using rule 49 (expression -> expression GT expression .)
    LBRACKET        reduce using rule 49 (expression -> expression GT expression .)
    NEWLINE         reduce using rule 49 (expression -> expression GT expression .)
    RPAREN          reduce using rule 49 (expression -> expression GT expression .)
    COLON           reduce using rule 49 (expression -> expression GT expression .)
    RBRACKET        reduce using rule 49 (expression -> expression GT expression .)
    COMMA           reduce using rule 49 (expression -> expression GT expression .)
    PLUS            shift and go to state 55
    MINUS           shift and go to state 56
    MULT            shift and go to state 57
    DIV             shift and go to state 58
    DOT             shift and go to state 86

  ! PLUS            [ reduce using rule 49 (expression -> expression GT expression .) ]
  ! MINUS           [ reduce using rule 49 (expression -> expression GT expression .) ]
  ! MULT            [ reduce using rule 49 (expression -> expression GT expression .) ]
  ! DIV             [ reduce using rule 49 (expression -> expression GT expression .) ]
  ! DOT             [ reduce using rule 49 (expression -> expression GT expression .) ]
  ! EQ              [ shift and go to state 59 ]
  ! NEQ             [ shift and go to state 60 ]
  ! GT              [ shift and go to state 61 ]
  ! GTE             [ shift and go to state 62 ]
  ! LT              [ shift and go to state 63 ]
  ! LTE             [ shift and go to state 64 ]
  ! AND             [ shift and go to state 65 ]
  ! OR              [ shift and go to state 66 ]
  ! LBRACKET        [ shift and go to state 85 ]


state 96

    (50) expression -> expression GTE expression .
    (43) expression -> expression . PLUS expression
    (44) expression -> expression . MINUS expression
    (45) expression -> expression . MULT expression
    (46) expression -> expression . DIV expression
    (47) expression -> expression . EQ expression
    (48) expression -> expression . NEQ expression
    (49) expression -> expression . GT expression
    (50) expression -> expression . GTE expression
    (51) expression -> expression . LT expression
    (52) expression -> expression . LTE expression
    (53) expression -> expression . AND expression
    (54) expression -> expression . OR expression
    (57) expression -> expression . LBRACKET expression RBRACKET
    (58) expression -> expression . DOT ID

    EQ              reduce using rule 50 (expression -> expression GTE expression .)
    NEQ             reduce using rule 50 (expression -> expression GTE expression .)
    GT              reduce using rule 50 (expression -> expression GTE expression .)
    GTE             reduce using rule 50 (expression -> expression GTE expression .)
    LT              reduce using rule 50 (expression -> expression GTE expression .)
    LTE             reduce using rule 50 (expression -> expression GTE expression .)
    AND             reduce using rule 50 (expression -> expression GTE expression .)
    OR              reduce using rule 50 (expression -> expression GTE expression .)
    LBRACKET        reduce using rule 50 (expression -> expression GTE expression .)
    NEWLINE         reduce using rule 50 (expression -> expression GTE expression .)
    RPAREN          reduce using rule 50 (expression -> expression GTE expression .)
    COLON           reduce using rule 50 (expression -> expression GTE expression .)
    RBRACKET        reduce using rule 50 (expression -> expression GTE expression .)
    COMMA           reduce using rule 50 (expression -> expression GTE expression .)
    PLUS            shift and go to state 55
    MINUS           shift and go to state 56
    MULT            shift and go to state 57
    DIV             shift and go to state 58
    DOT             shift and go to state 86

  ! PLUS            [ reduce using rule 50 (expression -> expression GTE expression .) ]
  ! MINUS           [ reduce using rule 50 (expression -> expression GTE expression .) ]
  ! MULT            [ reduce using rule 50 (expression -> expression GTE expression .) ]
  ! DIV             [ reduce using rule 50 (expression -> expression GTE expression .) ]
  ! DOT             [ reduce using rule 50 (expression -> expression GTE expression .) ]
  ! EQ              [ shift and go to state 59 ]
  ! NEQ             [ shift and go to state 60 ]
  ! GT              [ shift and go to state 61 ]
  ! GTE             [ shift and go to state 62 ]
  ! LT              [ shift and go to state 63 ]
  ! LTE             [ shift and go to state 64 ]
  ! AND             [ shift and go to state 65 ]
  ! OR              [ shift and go to state 66 ]
  ! LBRACKET        [ shift and go to state 85 ]


state 97

    (51) expression -> expression LT expression .
    (43) expression -> expression . PLUS expression
    (44) expression -> expression . MINUS expression
    (45) expression -> expression . MULT expression
    (46) expression -> expression . DIV expression
    (47) expression -> expression . EQ expression
    (48) expression -> expression . NEQ expression
    (49) expression -> expression . GT expression
    (50) expression -> expression . GTE expression
    (51) expression -> expression . LT expression
    (52) expression -> expression . LTE expression
    (53) expression -> expression . AND expression
    (54) expression -> expression . OR expression
    (57) expression -> expression . LBRACKET expression RBRACKET
    (58) expression -> expression . DOT ID

    EQ              reduce using rule 51 (expression -> expression LT expression .)
    NEQ             reduce using rule 51 (expression -> expression LT expression .)
    GT              reduce using rule 51 (expression -> expression LT expression .)
    GTE             reduce using rule 51 (expression -> expression LT expression .)
    LT              reduce using rule 51 (expression -> expression LT expression .)
    LTE             reduce using rule 51 (expression -> expression LT expression .)
    AND             reduce using rule 51 (expression -> expression LT expression .)
    OR              reduce using rule 51 (expression -> expression LT expression .)
    LBRACKET        reduce using rule 51 (expression -> expression LT expression .)
    NEWLINE         reduce using rule 51 (expression -> expression LT expression .)
    RPAREN          reduce using rule 51 (expression -> expression LT expression .)
    COLON           reduce using rule 51 (expression -> expression LT expression .)
    RBRACKET        reduce using rule 51 (expression -> expression LT expression .)
    COMMA           reduce using rule 51 (expression -> expression LT expression .)
    PLUS            shift and go to state 55
    MINUS           shift and go to state 56
    MULT            shift and go to state 57
    DIV             shift and go to state 58
    DOT             shift and go to state 86

  ! PLUS            [ reduce using rule 51 (expression -> expression LT expression .) ]
  ! MINUS           [ reduce using rule 51 (expression -> expression LT expression .) ]
  ! MULT            [ reduce using rule 51 (expression -> expression LT expression .) ]
  ! DIV             [ reduce using rule 51 (expression -> expression LT expression .) ]
  ! DOT             [ reduce using rule 51 (expression -> expression LT expression .) ]
  ! EQ              [ shift and go to state 59 ]
  ! NEQ             [ shift and go to state 60 ]
  ! GT              [ shift and go to state 61 ]
  ! GTE             [ shift and go to state 62 ]
  ! LT              [ shift and go to state 63 ]
  ! LTE             [ shift and go to state 64 ]
  ! AND             [ shift and go to state 65 ]
  ! OR              [ shift and go to state 66 ]
  ! LBRACKET        [ shift and go to state 85 ]


state 98

    (52) expression -> expression LTE expression .
    (43) expression -> expression . PLUS expression
    (44) expression -> expression . MINUS expression
    (45) expression -> expression . MULT expression
    (46) expression -> expression . DIV expression
    (47) expression -> expression . EQ expression
    (48) expression -> expression . NEQ expression
    (49) expression -> expression . GT expression
    (50) expression -> expression . GTE expression
    (51) expression -> expression . LT expression
    (52) expression -> expression . LTE expression
    (53) expression -> expression . AND expression
    (54) expression -> expression . OR expression
    (57) expression -> expression . LBRACKET expression RBRACKET
    (58) expression -> expression . DOT ID

    EQ              reduce using rule 52 (expression -> expression LTE expression .)
    NEQ             reduce using rule 52 (expression -> expression LTE expression .)
    GT              reduce using rule 52 (expression -> expression LTE expression .)
    GTE             reduce using rule 52 (expression -> expression LTE expression .)
    LT              reduce using rule 52 (expression -> expression LTE expression .)
    LTE             reduce using rule 52 (expression -> expression LTE expression .)
    AND             reduce using rule 52 (expression -> expression LTE expression .)
    OR              reduce using rule 52 (expression -> expression LTE expression .)
    LBRACKET        reduce using rule 52 (expression -> expression LTE expression .)
    NEWLINE         reduce using rule 52 (expression -> expression LTE expression .)
    RPAREN          reduce using rule 52 (expression -> expression LTE expression .)
    COLON           reduce using rule 52 (expression -> expression LTE expression .)
    RBRACKET        reduce using rule 52 (expression -> expression LTE expression .)
    COMMA           reduce using rule 52 (expression -> expression LTE expression .)
    PLUS            shift and go to state 55
    MINUS           shift and go to state 56
    MULT            shift and go to state 57
    DIV             shift and go to state 58
    DOT             shift and go to state 86

  ! PLUS            [ reduce using rule 52 (expression -> expression LTE expression .) ]
  ! MINUS           [ reduce using rule 52 (expression -> expression LTE expression .) ]
  ! MULT            [ reduce using rule 52 (expression -> expression LTE expression .) ]
  ! DIV             [ reduce using rule 52 (expression -> expression LTE expression .) ]
  ! DOT             [ reduce using rule 52 (expression -> expression LTE expression .) ]
  ! EQ              [ shift and go to state 59 ]
  ! NEQ             [ shift and go to state 60 ]
  ! GT              [ shift and go to state 61 ]
  ! GTE             [ shift and go to state 62 ]
  ! LT              [ shift and go to state 63 ]
  ! LTE             [ shift and go to state 64 ]
  ! AND             [ shift and go to state 65 ]
  ! OR              [ shift and go to state 66 ]
  ! LBRACKET        [ shift and go to state 85 ]


state 99

    (53) expression -> expression AND expression .
    (43) expression -> expression . PLUS expression
    (44) expression -> expression . MINUS expression
    (45) expression -> expression . MULT expression
    (46) expression -> expression . DIV expression
    (47) expression -> expression . EQ expression
    (48) expression -> expression . NEQ expression
    (49) expression -> expression . GT expression
    (50) expression -> expression . GTE expression
    (51) expression -> expression . LT expression
    (52) expression -> expression . LTE expression
    (53) expression -> expression . AND expression
    (54) expression -> expression . OR expression
    (57) expression -> expression . LBRACKET expression RBRACKET
    (58) expression -> expression . DOT ID

    AND             reduce using rule 53 (expression -> expression AND expression .)
    OR              reduce using rule 53 (expression -> expression AND expression .)
    LBRACKET        reduce using rule 53 (expression -> expression AND expression .)
    NEWLINE         reduce using rule 53 (expression -> expression AND expression .)
    RPAREN          reduce using rule 53 (expression -> expression AND expression .)
    COLON           reduce using rule 53 (expression -> expression AND expression .)
    RBRACKET        reduce using rule 53 (expression -> expression AND expression .)
    COMMA           reduce using rule 53 (expression -> expression AND expression .)
    PLUS            shift and go to state 55
    MINUS           shift and go to state 56
    MULT            shift and go to state 57
    DIV             shift and go to state 58
    EQ              shift and go to state 59
    NEQ             shift and go to state 60
    GT              shift and go to state 61
    GTE             shift and go to state 62
    LT              shift and go to state 63
    LTE             shift and go to state 64
    DOT             shift and go to state 86

  ! PLUS            [ reduce using rule 53 (expression -> expression AND expression .) ]
  ! MINUS           [ reduce using rule 53 (expression -> expression AND expression .) ]
  ! MULT            [ reduce using rule 53 (expression -> expression AND expression .) ]
  ! DIV             [ reduce using rule 53 (expression -> expression AND expression .) ]
  ! EQ              [ reduce using rule 53 (expression -> expression AND expression .) ]
  ! NEQ             [ reduce using rule 53 (expression -> expression AND expression .) ]
  ! GT              [ reduce using rule 53 (expression -> expression AND expression .) ]
  ! GTE             [ reduce using rule 53 (expression -> expression AND expression .) ]
  ! LT              [ reduce using rule 53 (expression -> expression AND expression .) ]
  ! LTE             [ reduce using rule 53 (expression -> expression AND expression .) ]
  ! DOT             [ reduce using rule 53 (expression -> expression AND expression .) ]
  ! AND             [ shift and go to state 65 ]
  ! OR              [ shift and go to state 66 ]
  ! LBRACKET        [ shift and go to state 85 ]


state 100

    (54) expression -> expression OR expression .
    (43) expression -> expression . PLUS expression
    (44) expression -> expression . MINUS expression
    (45) expression -> expression . MULT expression
    (46) expression -> expression . DIV expression
    (47) expression -> expression . EQ expression
    (48) expression -> expression . NEQ expression
    (49) expression -> expression . GT expression
    (50) expression -> expression . GTE expression
    (51) expression -> expression . LT expression
    (52) expression -> expression . LTE expression
    (53) expression -> expression . AND expression
    (54) expression -> expression . OR expression
    (57) expression -> expression . LBRACKET expression RBRACKET
    (58) expression -> expression . DOT ID

    OR              reduce using rule 54 (expression -> expression OR expression .)
    LBRACKET        reduce using rule 54 (expression -> expression OR expression .)
    NEWLINE         reduce using rule 54 (expression -> expression OR expression .)
    RPAREN          reduce using rule 54 (expression -> expression OR expression .)
    COLON           reduce using rule 54 (expression -> expression OR expression .)
    RBRACKET        reduce using rule 54 (expression -> expression OR expression .)
    COMMA           reduce using rule 54 (expression -> expression OR expression .)
    PLUS            shift and go to state 55
    MINUS           shift and go to state 56
    MULT            shift and go to state 57
    DIV             shift and go to state 58
    EQ              shift and go to state 59
    NEQ             shift and go to state 60
    GT              shift and go to state 61
    GTE             shift and go to state 62
    LT              shift and go to state 63
    LTE             shift and go to state 64
    AND             shift and go to state 65
    DOT             shift and go to state 86

  ! PLUS            [ reduce using rule 54 (expression -> expression OR expression .) ]
  ! MINUS           [ reduce using rule 54 (expression -> expression OR expression .) ]
  ! MULT            [ reduce using rule 54 (expression -> expression OR expression .) ]
  ! DIV             [ reduce using rule 54 (expression -> expression OR expression .) ]
  ! EQ              [ reduce using rule 54 (expression -> expression OR expression .) ]
  ! NEQ             [ reduce using rule 54 (expression -> expression OR expression .) ]
  ! GT              [ reduce using rule 54 (expression -> expression OR expression .) ]
  ! GTE             [ reduce using rule 54 (expression -> expression OR expression .) ]
  ! LT              [ reduce using rule 54 (expression -> expression OR expression .) ]
  ! LTE             [ reduce using rule 54 (expression -> expression OR expression .) ]
  ! AND             [ reduce using rule 54 (expression -> expression OR expression .) ]
  ! DOT             [ reduce using rule 54 (expression -> expression OR expression .) ]
  ! OR              [ shift and go to state 66 ]
  ! LBRACKET        [ shift and go to state 85 ]


state 101

    (57) expression -> expression LBRACKET expression . RBRACKET
    (69) assignable -> expression LBRACKET expression . RBRACKET
    (43) expression -> expression . PLUS expression
    (44) expression -> expression . MINUS expression
    (45) expression -> expression . MULT expression
    (46) expression -> expression . DIV expression
    (47) expression -> expression . EQ expression
    (48) expression -> expression . NEQ expression
    (49) expression -> expression . GT expression
    (50) expression -> expression . GTE expression
    (51) expression -> expression . LT expression
    (52) expression -> expression . LTE expression
    (53) expression -> expression . AND expression
    (54) expression -> expression . OR expression
    (57) expression -> expression . LBRACKET expression RBRACKET
    (58) expression -> expression . DOT ID

    RBRACKET        shift and go to state 122
    PLUS            shift and go to state 55
    MINUS           shift and go to state 56
    MULT            shift and go to state 57
    DIV             shift and go to state 58
    EQ              shift and go to state 59
    NEQ             shift and go to state 60
    GT              shift and go to state 61
    GTE             shift and go to state 62
    LT              shift and go to state 63
    LTE             shift and go to state 64
    AND             shift and go to state 65
    OR              shift and go to state 66
    LBRACKET        shift and go to state 85
    DOT             shift and go to state 86


state 102

    (58) expression -> expression DOT ID .
    (68) assignable -> expression DOT ID .

    PLUS            reduce using rule 58 (expression -> expression DOT ID .)
    MINUS           reduce using rule 58 (expression -> expression DOT ID .)
    MULT            reduce using rule 58 (expression -> expression DOT ID .)
    DIV             reduce using rule 58 (expression -> expression DOT ID .)
    EQ              reduce using rule 58 (expression -> expression DOT ID .)
    NEQ             reduce using rule 58 (expression -> expression DOT ID .)
    GT              reduce using rule 58 (expression -> expression DOT ID .)
    GTE             reduce using rule 58 (expression -> expression DOT ID .)
    LT              reduce using rule 58 (expression -> expression DOT ID .)
    LTE             reduce using rule 58 (expression -> expression DOT ID .)
    AND             reduce using rule 58 (expression -> expression DOT ID .)
    OR              reduce using rule 58 (expression -> expression DOT ID .)
    LBRACKET        reduce using rule 58 (expression -> expression DOT ID .)
    DOT             reduce using rule 58 (expression -> expression DOT ID .)
    NEWLINE         reduce using rule 58 (expression -> expression DOT ID .)
    ASSIGN          reduce using rule 68 (assignable -> expression DOT ID .)


state 103

    (72) assignable_chain -> assignable . ASSIGN assignable_chain
    (73) assignable_chain -> assignable .

  ! shift/reduce conflict for ASSIGN resolved as shift
    ASSIGN          shift and go to state 123

  ! ASSIGN          [ reduce using rule 73 (assignable_chain -> assignable .) ]


state 104

    (70) statement -> assignable ASSIGN expression .
    (43) expression -> expression . PLUS expression
    (44) expression -> expression . MINUS expression
    (45) expression -> expression . MULT expression
    (46) expression -> expression . DIV expression
    (47) expression -> expression . EQ expression
    (48) expression -> expression . NEQ expression
    (49) expression -> expression . GT expression
    (50) expression -> expression . GTE expression
    (51) expression -> expression . LT expression
    (52) expression -> expression . LTE expression
    (53) expression -> expression . AND expression
    (54) expression -> expression . OR expression
    (57) expression -> expression . LBRACKET expression RBRACKET
    (58) expression -> expression . DOT ID
    (68) assignable -> expression . DOT ID
    (69) assignable -> expression . LBRACKET expression RBRACKET

    NEWLINE         reduce using rule 70 (statement -> assignable ASSIGN expression .)
    PLUS            shift and go to state 55
    MINUS           shift and go to state 56
    MULT            shift and go to state 57
    DIV             shift and go to state 58
    EQ              shift and go to state 59
    NEQ             shift and go to state 60
    GT              shift and go to state 61
    GTE             shift and go to state 62
    LT              shift and go to state 63
    LTE             shift and go to state 64
    AND             shift and go to state 65
    OR              shift and go to state 66
    LBRACKET        shift and go to state 67
    DOT             shift and go to state 68


state 105

    (72) assignable_chain -> assignable ASSIGN assignable_chain .

    ASSIGN          reduce using rule 72 (assignable_chain -> assignable ASSIGN assignable_chain .)


state 106

    (60) primary -> ID .
    (67) assignable -> ID .
    (86) func_call -> ID . LPAREN arg_list RPAREN

    PLUS            reduce using rule 60 (primary -> ID .)
    MINUS           reduce using rule 60 (primary -> ID .)
    MULT            reduce using rule 60 (primary -> ID .)
    DIV             reduce using rule 60 (primary -> ID .)
    EQ              reduce using rule 60 (primary -> ID .)
    NEQ             reduce using rule 60 (primary -> ID .)
    GT              reduce using rule 60 (primary -> ID .)
    GTE             reduce using rule 60 (primary -> ID .)
    LT              reduce using rule 60 (primary -> ID .)
    LTE             reduce using rule 60 (primary -> ID .)
    AND             reduce using rule 60 (primary -> ID .)
    OR              reduce using rule 60 (primary -> ID .)
    LBRACKET        reduce using rule 60 (primary -> ID .)
    DOT             reduce using rule 60 (primary -> ID .)
    NEWLINE         reduce using rule 60 (primary -> ID .)
    ASSIGN          reduce using rule 67 (assignable -> ID .)
    LPAREN          shift and go to state 49


state 107

    (71) statement -> assignable_chain ASSIGN expression .
    (43) expression -> expression . PLUS expression
    (44) expression -> expression . MINUS expression
    (45) expression -> expression . MULT expression
    (46) expression -> expression . DIV expression
    (47) expression -> expression . EQ expression
    (48) expression -> expression . NEQ expression
    (49) expression -> expression . GT expression
    (50) expression -> expression . GTE expression
    (51) expression -> expression . LT expression
    (52) expression -> expression . LTE expression
    (53) expression -> expression . AND expression
    (54) expression -> expression . OR expression
    (57) expression -> expression . LBRACKET expression RBRACKET
    (58) expression -> expression . DOT ID

    NEWLINE         reduce using rule 71 (statement -> assignable_chain ASSIGN expression .)
    PLUS            shift and go to state 55
    MINUS           shift and go to state 56
    MULT            shift and go to state 57
    DIV             shift and go to state 58
    EQ              shift and go to state 59
    NEQ             shift and go to state 60
    GT              shift and go to state 61
    GTE             shift and go to state 62
    LT              shift and go to state 63
    LTE             shift and go to state 64
    AND             shift and go to state 65
    OR              shift and go to state 66
    LBRACKET        shift and go to state 85
    DOT             shift and go to state 86


state 108

    (74) if_statement -> IF expression block .
    (75) if_statement -> IF expression block . ELSE block

    NEWLINE         reduce using rule 74 (if_statement -> IF expression block .)
    ELSE            shift and go to state 124


state 109

    (91) block -> COLON . optional_newlines statement_list
    (92) block -> COLON . LBRACE NEWLINE statement_list RBRACE NEWLINE
    (94) optional_newlines -> . optional_newlines NEWLINE
    (95) optional_newlines -> . empty
    (90) empty -> .

    LBRACE          shift and go to state 126
    NEWLINE         reduce using rule 90 (empty -> .)
    TYPENAME        reduce using rule 90 (empty -> .)
    IF              reduce using rule 90 (empty -> .)
    WHILE           reduce using rule 90 (empty -> .)
    RETURN          reduce using rule 90 (empty -> .)
    NOT             reduce using rule 90 (empty -> .)
    MINUS           reduce using rule 90 (empty -> .)
    ID              reduce using rule 90 (empty -> .)
    NUMBER          reduce using rule 90 (empty -> .)
    TRUE            reduce using rule 90 (empty -> .)
    FALSE           reduce using rule 90 (empty -> .)
    CHAR_LITERAL    reduce using rule 90 (empty -> .)
    LPAREN          reduce using rule 90 (empty -> .)
    INT             reduce using rule 90 (empty -> .)
    FLOAT           reduce using rule 90 (empty -> .)
    CHAR            reduce using rule 90 (empty -> .)
    BOOL            reduce using rule 90 (empty -> .)

    optional_newlines              shift and go to state 125
    empty                          shift and go to state 41

state 110

    (76) while_statement -> WHILE expression block .

    NEWLINE         reduce using rule 76 (while_statement -> WHILE expression block .)


state 111

    (77) func_def -> DEF type ID LPAREN . param_list RPAREN store_params prepare_func_scope COLON LBRACE NEWLINE statement_list RBRACE
    (78) param_list -> . param param_list_tail
    (79) param_list -> . empty
    (83) param -> . type ID
    (84) param -> . ID
    (90) empty -> .
    (28) type -> . builtin_type
    (29) type -> . TYPENAME
    (30) builtin_type -> . INT
    (31) builtin_type -> . FLOAT
    (32) builtin_type -> . CHAR
    (33) builtin_type -> . BOOL

    ID              shift and go to state 128
    RPAREN          reduce using rule 90 (empty -> .)
    TYPENAME        shift and go to state 44
    INT             shift and go to state 36
    FLOAT           shift and go to state 37
    CHAR            shift and go to state 38
    BOOL            shift and go to state 39

    type                           shift and go to state 127
    param_list                     shift and go to state 129
    param                          shift and go to state 130
    empty                          shift and go to state 131
    builtin_type                   shift and go to state 30

state 112

    (17) declaration -> type LBRACKET expression RBRACKET . ID

    ID              shift and go to state 132


state 113

    (22) declaration_item -> ID ASSIGN expression .
    (43) expression -> expression . PLUS expression
    (44) expression -> expression . MINUS expression
    (45) expression -> expression . MULT expression
    (46) expression -> expression . DIV expression
    (47) expression -> expression . EQ expression
    (48) expression -> expression . NEQ expression
    (49) expression -> expression . GT expression
    (50) expression -> expression . GTE expression
    (51) expression -> expression . LT expression
    (52) expression -> expression . LTE expression
    (53) expression -> expression . AND expression
    (54) expression -> expression . OR expression
    (57) expression -> expression . LBRACKET expression RBRACKET
    (58) expression -> expression . DOT ID

    COMMA           reduce using rule 22 (declaration_item -> ID ASSIGN expression .)
    NEWLINE         reduce using rule 22 (declaration_item -> ID ASSIGN expression .)
    PLUS            shift and go to state 55
    MINUS           shift and go to state 56
    MULT            shift and go to state 57
    DIV             shift and go to state 58
    EQ              shift and go to state 59
    NEQ             shift and go to state 60
    GT              shift and go to state 61
    GTE             shift and go to state 62
    LT              shift and go to state 63
    LTE             shift and go to state 64
    AND             shift and go to state 65
    OR              shift and go to state 66
    LBRACKET        shift and go to state 85
    DOT             shift and go to state 86


state 114

    (19) declaration_list -> declaration_item COMMA declaration_list .

    NEWLINE         reduce using rule 19 (declaration_list -> declaration_item COMMA declaration_list .)


state 115

    (86) func_call -> ID LPAREN arg_list RPAREN .

    PLUS            reduce using rule 86 (func_call -> ID LPAREN arg_list RPAREN .)
    MINUS           reduce using rule 86 (func_call -> ID LPAREN arg_list RPAREN .)
    MULT            reduce using rule 86 (func_call -> ID LPAREN arg_list RPAREN .)
    DIV             reduce using rule 86 (func_call -> ID LPAREN arg_list RPAREN .)
    EQ              reduce using rule 86 (func_call -> ID LPAREN arg_list RPAREN .)
    NEQ             reduce using rule 86 (func_call -> ID LPAREN arg_list RPAREN .)
    GT              reduce using rule 86 (func_call -> ID LPAREN arg_list RPAREN .)
    GTE             reduce using rule 86 (func_call -> ID LPAREN arg_list RPAREN .)
    LT              reduce using rule 86 (func_call -> ID LPAREN arg_list RPAREN .)
    LTE             reduce using rule 86 (func_call -> ID LPAREN arg_list RPAREN .)
    AND             reduce using rule 86 (func_call -> ID LPAREN arg_list RPAREN .)
    OR              reduce using rule 86 (func_call -> ID LPAREN arg_list RPAREN .)
    LBRACKET        reduce using rule 86 (func_call -> ID LPAREN arg_list RPAREN .)
    DOT             reduce using rule 86 (func_call -> ID LPAREN arg_list RPAREN .)
    NEWLINE         reduce using rule 86 (func_call -> ID LPAREN arg_list RPAREN .)
    RPAREN          reduce using rule 86 (func_call -> ID LPAREN arg_list RPAREN .)
    COLON           reduce using rule 86 (func_call -> ID LPAREN arg_list RPAREN .)
    RBRACKET        reduce using rule 86 (func_call -> ID LPAREN arg_list RPAREN .)
    COMMA           reduce using rule 86 (func_call -> ID LPAREN arg_list RPAREN .)


state 116

    (87) arg_list -> arg_list COMMA . expression
    (43) expression -> . expression PLUS expression
    (44) expression -> . expression MINUS expression
    (45) expression -> . expression MULT expression
    (46) expression -> . expression DIV expression
    (47) expression -> . expression EQ expression
    (48) expression -> . expression NEQ expression
    (49) expression -> . expression GT expression
    (50) expression -> . expression GTE expression
    (51) expression -> . expression LT expression
    (52) expression -> . expression LTE expression
    (53) expression -> . expression AND expression
    (54) expression -> . expression OR expression
    (55) expression -> . NOT expression
    (56) expression -> . MINUS expression
    (57) expression -> . expression LBRACKET expression RBRACKET
    (58) expression -> . expression DOT ID
    (59) expression -> . primary
    (60) primary -> . ID
    (61) primary -> . NUMBER
    (62) primary -> . TRUE
    (63) primary -> . FALSE
    (64) primary -> . CHAR_LITERAL
    (65) primary -> . func_call
    (66) primary -> . LPAREN expression RPAREN
    (86) func_call -> . ID LPAREN arg_list RPAREN

    NOT             shift and go to state 28
    MINUS           shift and go to state 27
    ID              shift and go to state 51
    NUMBER          shift and go to state 31
    TRUE            shift and go to state 32
    FALSE           shift and go to state 33
    CHAR_LITERAL    shift and go to state 34
    LPAREN          shift and go to state 14

    expression                     shift and go to state 133
    primary                        shift and go to state 29
    func_call                      shift and go to state 35

state 117

    (57) expression -> expression LBRACKET expression . RBRACKET
    (43) expression -> expression . PLUS expression
    (44) expression -> expression . MINUS expression
    (45) expression -> expression . MULT expression
    (46) expression -> expression . DIV expression
    (47) expression -> expression . EQ expression
    (48) expression -> expression . NEQ expression
    (49) expression -> expression . GT expression
    (50) expression -> expression . GTE expression
    (51) expression -> expression . LT expression
    (52) expression -> expression . LTE expression
    (53) expression -> expression . AND expression
    (54) expression -> expression . OR expression
    (57) expression -> expression . LBRACKET expression RBRACKET
    (58) expression -> expression . DOT ID

    RBRACKET        shift and go to state 134
    PLUS            shift and go to state 55
    MINUS           shift and go to state 56
    MULT            shift and go to state 57
    DIV             shift and go to state 58
    EQ              shift and go to state 59
    NEQ             shift and go to state 60
    GT              shift and go to state 61
    GTE             shift and go to state 62
    LT              shift and go to state 63
    LTE             shift and go to state 64
    AND             shift and go to state 65
    OR              shift and go to state 66
    LBRACKET        shift and go to state 85
    DOT             shift and go to state 86


state 118

    (58) expression -> expression DOT ID .

    RPAREN          reduce using rule 58 (expression -> expression DOT ID .)
    PLUS            reduce using rule 58 (expression -> expression DOT ID .)
    MINUS           reduce using rule 58 (expression -> expression DOT ID .)
    MULT            reduce using rule 58 (expression -> expression DOT ID .)
    DIV             reduce using rule 58 (expression -> expression DOT ID .)
    EQ              reduce using rule 58 (expression -> expression DOT ID .)
    NEQ             reduce using rule 58 (expression -> expression DOT ID .)
    GT              reduce using rule 58 (expression -> expression DOT ID .)
    GTE             reduce using rule 58 (expression -> expression DOT ID .)
    LT              reduce using rule 58 (expression -> expression DOT ID .)
    LTE             reduce using rule 58 (expression -> expression DOT ID .)
    AND             reduce using rule 58 (expression -> expression DOT ID .)
    OR              reduce using rule 58 (expression -> expression DOT ID .)
    LBRACKET        reduce using rule 58 (expression -> expression DOT ID .)
    DOT             reduce using rule 58 (expression -> expression DOT ID .)
    COLON           reduce using rule 58 (expression -> expression DOT ID .)
    NEWLINE         reduce using rule 58 (expression -> expression DOT ID .)
    RBRACKET        reduce using rule 58 (expression -> expression DOT ID .)
    COMMA           reduce using rule 58 (expression -> expression DOT ID .)


state 119

    (34) type_def -> TYPE TYPENAME COLON type_block .

    NEWLINE         reduce using rule 34 (type_def -> TYPE TYPENAME COLON type_block .)
    DEF             reduce using rule 34 (type_def -> TYPE TYPENAME COLON type_block .)
    TYPE            reduce using rule 34 (type_def -> TYPE TYPENAME COLON type_block .)
    TYPENAME        reduce using rule 34 (type_def -> TYPE TYPENAME COLON type_block .)
    IF              reduce using rule 34 (type_def -> TYPE TYPENAME COLON type_block .)
    WHILE           reduce using rule 34 (type_def -> TYPE TYPENAME COLON type_block .)
    RETURN          reduce using rule 34 (type_def -> TYPE TYPENAME COLON type_block .)
    NOT             reduce using rule 34 (type_def -> TYPE TYPENAME COLON type_block .)
    MINUS           reduce using rule 34 (type_def -> TYPE TYPENAME COLON type_block .)
    ID              reduce using rule 34 (type_def -> TYPE TYPENAME COLON type_block .)
    NUMBER          reduce using rule 34 (type_def -> TYPE TYPENAME COLON type_block .)
    TRUE            reduce using rule 34 (type_def -> TYPE TYPENAME COLON type_block .)
    FALSE           reduce using rule 34 (type_def -> TYPE TYPENAME COLON type_block .)
    CHAR_LITERAL    reduce using rule 34 (type_def -> TYPE TYPENAME COLON type_block .)
    LPAREN          reduce using rule 34 (type_def -> TYPE TYPENAME COLON type_block .)
    INT             reduce using rule 34 (type_def -> TYPE TYPENAME COLON type_block .)
    FLOAT           reduce using rule 34 (type_def -> TYPE TYPENAME COLON type_block .)
    CHAR            reduce using rule 34 (type_def -> TYPE TYPENAME COLON type_block .)
    BOOL            reduce using rule 34 (type_def -> TYPE TYPENAME COLON type_block .)
    $end            reduce using rule 34 (type_def -> TYPE TYPENAME COLON type_block .)


state 120

    (36) type_block -> LBRACE . type_declaration_lines RBRACE
    (39) type_declaration_lines -> . type_declaration_line type_declaration_lines
    (40) type_declaration_lines -> . type_declaration_line
    (37) type_declaration_line -> . declaration NEWLINE
    (38) type_declaration_line -> . NEWLINE
    (17) declaration -> . type LBRACKET expression RBRACKET ID
    (18) declaration -> . type declaration_list
    (27) declaration -> . TYPENAME ID
    (28) type -> . builtin_type
    (29) type -> . TYPENAME
    (30) builtin_type -> . INT
    (31) builtin_type -> . FLOAT
    (32) builtin_type -> . CHAR
    (33) builtin_type -> . BOOL

    NEWLINE         shift and go to state 138
    TYPENAME        shift and go to state 16
    INT             shift and go to state 36
    FLOAT           shift and go to state 37
    CHAR            shift and go to state 38
    BOOL            shift and go to state 39

    type_declaration_lines         shift and go to state 135
    type_declaration_line          shift and go to state 136
    declaration                    shift and go to state 137
    type                           shift and go to state 12
    builtin_type                   shift and go to state 30

state 121

    (35) type_def -> TYPE ID COLON type_block .

    NEWLINE         reduce using rule 35 (type_def -> TYPE ID COLON type_block .)
    DEF             reduce using rule 35 (type_def -> TYPE ID COLON type_block .)
    TYPE            reduce using rule 35 (type_def -> TYPE ID COLON type_block .)
    TYPENAME        reduce using rule 35 (type_def -> TYPE ID COLON type_block .)
    IF              reduce using rule 35 (type_def -> TYPE ID COLON type_block .)
    WHILE           reduce using rule 35 (type_def -> TYPE ID COLON type_block .)
    RETURN          reduce using rule 35 (type_def -> TYPE ID COLON type_block .)
    NOT             reduce using rule 35 (type_def -> TYPE ID COLON type_block .)
    MINUS           reduce using rule 35 (type_def -> TYPE ID COLON type_block .)
    ID              reduce using rule 35 (type_def -> TYPE ID COLON type_block .)
    NUMBER          reduce using rule 35 (type_def -> TYPE ID COLON type_block .)
    TRUE            reduce using rule 35 (type_def -> TYPE ID COLON type_block .)
    FALSE           reduce using rule 35 (type_def -> TYPE ID COLON type_block .)
    CHAR_LITERAL    reduce using rule 35 (type_def -> TYPE ID COLON type_block .)
    LPAREN          reduce using rule 35 (type_def -> TYPE ID COLON type_block .)
    INT             reduce using rule 35 (type_def -> TYPE ID COLON type_block .)
    FLOAT           reduce using rule 35 (type_def -> TYPE ID COLON type_block .)
    CHAR            reduce using rule 35 (type_def -> TYPE ID COLON type_block .)
    BOOL            reduce using rule 35 (type_def -> TYPE ID COLON type_block .)
    $end            reduce using rule 35 (type_def -> TYPE ID COLON type_block .)


state 122

    (57) expression -> expression LBRACKET expression RBRACKET .
    (69) assignable -> expression LBRACKET expression RBRACKET .

    PLUS            reduce using rule 57 (expression -> expression LBRACKET expression RBRACKET .)
    MINUS           reduce using rule 57 (expression -> expression LBRACKET expression RBRACKET .)
    MULT            reduce using rule 57 (expression -> expression LBRACKET expression RBRACKET .)
    DIV             reduce using rule 57 (expression -> expression LBRACKET expression RBRACKET .)
    EQ              reduce using rule 57 (expression -> expression LBRACKET expression RBRACKET .)
    NEQ             reduce using rule 57 (expression -> expression LBRACKET expression RBRACKET .)
    GT              reduce using rule 57 (expression -> expression LBRACKET expression RBRACKET .)
    GTE             reduce using rule 57 (expression -> expression LBRACKET expression RBRACKET .)
    LT              reduce using rule 57 (expression -> expression LBRACKET expression RBRACKET .)
    LTE             reduce using rule 57 (expression -> expression LBRACKET expression RBRACKET .)
    AND             reduce using rule 57 (expression -> expression LBRACKET expression RBRACKET .)
    OR              reduce using rule 57 (expression -> expression LBRACKET expression RBRACKET .)
    LBRACKET        reduce using rule 57 (expression -> expression LBRACKET expression RBRACKET .)
    DOT             reduce using rule 57 (expression -> expression LBRACKET expression RBRACKET .)
    NEWLINE         reduce using rule 57 (expression -> expression LBRACKET expression RBRACKET .)
    ASSIGN          reduce using rule 69 (assignable -> expression LBRACKET expression RBRACKET .)


state 123

    (72) assignable_chain -> assignable ASSIGN . assignable_chain
    (72) assignable_chain -> . assignable ASSIGN assignable_chain
    (73) assignable_chain -> . assignable
    (67) assignable -> . ID
    (68) assignable -> . expression DOT ID
    (69) assignable -> . expression LBRACKET expression RBRACKET
    (43) expression -> . expression PLUS expression
    (44) expression -> . expression MINUS expression
    (45) expression -> . expression MULT expression
    (46) expression -> . expression DIV expression
    (47) expression -> . expression EQ expression
    (48) expression -> . expression NEQ expression
    (49) expression -> . expression GT expression
    (50) expression -> . expression GTE expression
    (51) expression -> . expression LT expression
    (52) expression -> . expression LTE expression
    (53) expression -> . expression AND expression
    (54) expression -> . expression OR expression
    (55) expression -> . NOT expression
    (56) expression -> . MINUS expression
    (57) expression -> . expression LBRACKET expression RBRACKET
    (58) expression -> . expression DOT ID
    (59) expression -> . primary
    (60) primary -> . ID
    (61) primary -> . NUMBER
    (62) primary -> . TRUE
    (63) primary -> . FALSE
    (64) primary -> . CHAR_LITERAL
    (65) primary -> . func_call
    (66) primary -> . LPAREN expression RPAREN
    (86) func_call -> . ID LPAREN arg_list RPAREN

    ID              shift and go to state 13
    NOT             shift and go to state 28
    MINUS           shift and go to state 27
    NUMBER          shift and go to state 31
    TRUE            shift and go to state 32
    FALSE           shift and go to state 33
    CHAR_LITERAL    shift and go to state 34
    LPAREN          shift and go to state 14

    assignable                     shift and go to state 103
    assignable_chain               shift and go to state 105
    expression                     shift and go to state 139
    primary                        shift and go to state 29
    func_call                      shift and go to state 35

state 124

    (75) if_statement -> IF expression block ELSE . block
    (91) block -> . COLON optional_newlines statement_list
    (92) block -> . COLON LBRACE NEWLINE statement_list RBRACE NEWLINE

    COLON           shift and go to state 109

    block                          shift and go to state 140

state 125

    (91) block -> COLON optional_newlines . statement_list
    (94) optional_newlines -> optional_newlines . NEWLINE
    (9) statement_list -> . statement_with_newline statement_list
    (10) statement_list -> . statement_with_newline
    (11) statement_with_newline -> . statement NEWLINE
    (12) statement -> . declaration
    (13) statement -> . if_statement
    (14) statement -> . while_statement
    (15) statement -> . return_statement
    (16) statement -> . expression
    (70) statement -> . assignable ASSIGN expression
    (71) statement -> . assignable_chain ASSIGN expression
    (17) declaration -> . type LBRACKET expression RBRACKET ID
    (18) declaration -> . type declaration_list
    (27) declaration -> . TYPENAME ID
    (74) if_statement -> . IF expression block
    (75) if_statement -> . IF expression block ELSE block
    (76) while_statement -> . WHILE expression block
    (85) return_statement -> . RETURN expression
    (43) expression -> . expression PLUS expression
    (44) expression -> . expression MINUS expression
    (45) expression -> . expression MULT expression
    (46) expression -> . expression DIV expression
    (47) expression -> . expression EQ expression
    (48) expression -> . expression NEQ expression
    (49) expression -> . expression GT expression
    (50) expression -> . expression GTE expression
    (51) expression -> . expression LT expression
    (52) expression -> . expression LTE expression
    (53) expression -> . expression AND expression
    (54) expression -> . expression OR expression
    (55) expression -> . NOT expression
    (56) expression -> . MINUS expression
    (57) expression -> . expression LBRACKET expression RBRACKET
    (58) expression -> . expression DOT ID
    (59) expression -> . primary
    (67) assignable -> . ID
    (68) assignable -> . expression DOT ID
    (69) assignable -> . expression LBRACKET expression RBRACKET
    (72) assignable_chain -> . assignable ASSIGN assignable_chain
    (73) assignable_chain -> . assignable
    (28) type -> . builtin_type
    (29) type -> . TYPENAME
    (60) primary -> . ID
    (61) primary -> . NUMBER
    (62) primary -> . TRUE
    (63) primary -> . FALSE
    (64) primary -> . CHAR_LITERAL
    (65) primary -> . func_call
    (66) primary -> . LPAREN expression RPAREN
    (30) builtin_type -> . INT
    (31) builtin_type -> . FLOAT
    (32) builtin_type -> . CHAR
    (33) builtin_type -> . BOOL
    (86) func_call -> . ID LPAREN arg_list RPAREN

    NEWLINE         shift and go to state 5
    TYPENAME        shift and go to state 16
    IF              shift and go to state 24
    WHILE           shift and go to state 25
    RETURN          shift and go to state 26
    NOT             shift and go to state 28
    MINUS           shift and go to state 27
    ID              shift and go to state 13
    NUMBER          shift and go to state 31
    TRUE            shift and go to state 32
    FALSE           shift and go to state 33
    CHAR_LITERAL    shift and go to state 34
    LPAREN          shift and go to state 14
    INT             shift and go to state 36
    FLOAT           shift and go to state 37
    CHAR            shift and go to state 38
    BOOL            shift and go to state 39

    statement_list                 shift and go to state 141
    statement_with_newline         shift and go to state 142
    statement                      shift and go to state 10
    declaration                    shift and go to state 17
    if_statement                   shift and go to state 18
    while_statement                shift and go to state 19
    return_statement               shift and go to state 20
    expression                     shift and go to state 21
    assignable                     shift and go to state 22
    assignable_chain               shift and go to state 23
    type                           shift and go to state 12
    primary                        shift and go to state 29
    builtin_type                   shift and go to state 30
    func_call                      shift and go to state 35

state 126

    (92) block -> COLON LBRACE . NEWLINE statement_list RBRACE NEWLINE

    NEWLINE         shift and go to state 143


state 127

    (83) param -> type . ID

    ID              shift and go to state 144


state 128

    (84) param -> ID .

    COMMA           reduce using rule 84 (param -> ID .)
    RPAREN          reduce using rule 84 (param -> ID .)


state 129

    (77) func_def -> DEF type ID LPAREN param_list . RPAREN store_params prepare_func_scope COLON LBRACE NEWLINE statement_list RBRACE

    RPAREN          shift and go to state 145


state 130

    (78) param_list -> param . param_list_tail
    (80) param_list_tail -> . COMMA param param_list_tail
    (81) param_list_tail -> . empty
    (90) empty -> .

    COMMA           shift and go to state 147
    RPAREN          reduce using rule 90 (empty -> .)

    param_list_tail                shift and go to state 146
    empty                          shift and go to state 148

state 131

    (79) param_list -> empty .

    RPAREN          reduce using rule 79 (param_list -> empty .)


state 132

    (17) declaration -> type LBRACKET expression RBRACKET ID .

    NEWLINE         reduce using rule 17 (declaration -> type LBRACKET expression RBRACKET ID .)


state 133

    (87) arg_list -> arg_list COMMA expression .
    (43) expression -> expression . PLUS expression
    (44) expression -> expression . MINUS expression
    (45) expression -> expression . MULT expression
    (46) expression -> expression . DIV expression
    (47) expression -> expression . EQ expression
    (48) expression -> expression . NEQ expression
    (49) expression -> expression . GT expression
    (50) expression -> expression . GTE expression
    (51) expression -> expression . LT expression
    (52) expression -> expression . LTE expression
    (53) expression -> expression . AND expression
    (54) expression -> expression . OR expression
    (57) expression -> expression . LBRACKET expression RBRACKET
    (58) expression -> expression . DOT ID

    RPAREN          reduce using rule 87 (arg_list -> arg_list COMMA expression .)
    COMMA           reduce using rule 87 (arg_list -> arg_list COMMA expression .)
    PLUS            shift and go to state 55
    MINUS           shift and go to state 56
    MULT            shift and go to state 57
    DIV             shift and go to state 58
    EQ              shift and go to state 59
    NEQ             shift and go to state 60
    GT              shift and go to state 61
    GTE             shift and go to state 62
    LT              shift and go to state 63
    LTE             shift and go to state 64
    AND             shift and go to state 65
    OR              shift and go to state 66
    LBRACKET        shift and go to state 85
    DOT             shift and go to state 86


state 134

    (57) expression -> expression LBRACKET expression RBRACKET .

    RPAREN          reduce using rule 57 (expression -> expression LBRACKET expression RBRACKET .)
    PLUS            reduce using rule 57 (expression -> expression LBRACKET expression RBRACKET .)
    MINUS           reduce using rule 57 (expression -> expression LBRACKET expression RBRACKET .)
    MULT            reduce using rule 57 (expression -> expression LBRACKET expression RBRACKET .)
    DIV             reduce using rule 57 (expression -> expression LBRACKET expression RBRACKET .)
    EQ              reduce using rule 57 (expression -> expression LBRACKET expression RBRACKET .)
    NEQ             reduce using rule 57 (expression -> expression LBRACKET expression RBRACKET .)
    GT              reduce using rule 57 (expression -> expression LBRACKET expression RBRACKET .)
    GTE             reduce using rule 57 (expression -> expression LBRACKET expression RBRACKET .)
    LT              reduce using rule 57 (expression -> expression LBRACKET expression RBRACKET .)
    LTE             reduce using rule 57 (expression -> expression LBRACKET expression RBRACKET .)
    AND             reduce using rule 57 (expression -> expression LBRACKET expression RBRACKET .)
    OR              reduce using rule 57 (expression -> expression LBRACKET expression RBRACKET .)
    LBRACKET        reduce using rule 57 (expression -> expression LBRACKET expression RBRACKET .)
    DOT             reduce using rule 57 (expression -> expression LBRACKET expression RBRACKET .)
    COLON           reduce using rule 57 (expression -> expression LBRACKET expression RBRACKET .)
    NEWLINE         reduce using rule 57 (expression -> expression LBRACKET expression RBRACKET .)
    RBRACKET        reduce using rule 57 (expression -> expression LBRACKET expression RBRACKET .)
    COMMA           reduce using rule 57 (expression -> expression LBRACKET expression RBRACKET .)


state 135

    (36) type_block -> LBRACE type_declaration_lines . RBRACE

    RBRACE          shift and go to state 149


state 136

    (39) type_declaration_lines -> type_declaration_line . type_declaration_lines
    (40) type_declaration_lines -> type_declaration_line .
    (39) type_declaration_lines -> . type_declaration_line type_declaration_lines
    (40) type_declaration_lines -> . type_declaration_line
    (37) type_declaration_line -> . declaration NEWLINE
    (38) type_declaration_line -> . NEWLINE
    (17) declaration -> . type LBRACKET expression RBRACKET ID
    (18) declaration -> . type declaration_list
    (27) declaration -> . TYPENAME ID
    (28) type -> . builtin_type
    (29) type -> . TYPENAME
    (30) builtin_type -> . INT
    (31) builtin_type -> . FLOAT
    (32) builtin_type -> . CHAR
    (33) builtin_type -> . BOOL

    RBRACE          reduce using rule 40 (type_declaration_lines -> type_declaration_line .)
    NEWLINE         shift and go to state 138
    TYPENAME        shift and go to state 16
    INT             shift and go to state 36
    FLOAT           shift and go to state 37
    CHAR            shift and go to state 38
    BOOL            shift and go to state 39

    type_declaration_line          shift and go to state 136
    type_declaration_lines         shift and go to state 150
    declaration                    shift and go to state 137
    type                           shift and go to state 12
    builtin_type                   shift and go to state 30

state 137

    (37) type_declaration_line -> declaration . NEWLINE

    NEWLINE         shift and go to state 151


state 138

    (38) type_declaration_line -> NEWLINE .

    NEWLINE         reduce using rule 38 (type_declaration_line -> NEWLINE .)
    TYPENAME        reduce using rule 38 (type_declaration_line -> NEWLINE .)
    INT             reduce using rule 38 (type_declaration_line -> NEWLINE .)
    FLOAT           reduce using rule 38 (type_declaration_line -> NEWLINE .)
    CHAR            reduce using rule 38 (type_declaration_line -> NEWLINE .)
    BOOL            reduce using rule 38 (type_declaration_line -> NEWLINE .)
    RBRACE          reduce using rule 38 (type_declaration_line -> NEWLINE .)


state 139

    (68) assignable -> expression . DOT ID
    (69) assignable -> expression . LBRACKET expression RBRACKET
    (43) expression -> expression . PLUS expression
    (44) expression -> expression . MINUS expression
    (45) expression -> expression . MULT expression
    (46) expression -> expression . DIV expression
    (47) expression -> expression . EQ expression
    (48) expression -> expression . NEQ expression
    (49) expression -> expression . GT expression
    (50) expression -> expression . GTE expression
    (51) expression -> expression . LT expression
    (52) expression -> expression . LTE expression
    (53) expression -> expression . AND expression
    (54) expression -> expression . OR expression
    (57) expression -> expression . LBRACKET expression RBRACKET
    (58) expression -> expression . DOT ID

    DOT             shift and go to state 152
    LBRACKET        shift and go to state 153
    PLUS            shift and go to state 55
    MINUS           shift and go to state 56
    MULT            shift and go to state 57
    DIV             shift and go to state 58
    EQ              shift and go to state 59
    NEQ             shift and go to state 60
    GT              shift and go to state 61
    GTE             shift and go to state 62
    LT              shift and go to state 63
    LTE             shift and go to state 64
    AND             shift and go to state 65
    OR              shift and go to state 66


state 140

    (75) if_statement -> IF expression block ELSE block .

    NEWLINE         reduce using rule 75 (if_statement -> IF expression block ELSE block .)


state 141

    (91) block -> COLON optional_newlines statement_list .

    ELSE            reduce using rule 91 (block -> COLON optional_newlines statement_list .)
    NEWLINE         reduce using rule 91 (block -> COLON optional_newlines statement_list .)


state 142

    (9) statement_list -> statement_with_newline . statement_list
    (10) statement_list -> statement_with_newline .
    (9) statement_list -> . statement_with_newline statement_list
    (10) statement_list -> . statement_with_newline
    (11) statement_with_newline -> . statement NEWLINE
    (12) statement -> . declaration
    (13) statement -> . if_statement
    (14) statement -> . while_statement
    (15) statement -> . return_statement
    (16) statement -> . expression
    (70) statement -> . assignable ASSIGN expression
    (71) statement -> . assignable_chain ASSIGN expression
    (17) declaration -> . type LBRACKET expression RBRACKET ID
    (18) declaration -> . type declaration_list
    (27) declaration -> . TYPENAME ID
    (74) if_statement -> . IF expression block
    (75) if_statement -> . IF expression block ELSE block
    (76) while_statement -> . WHILE expression block
    (85) return_statement -> . RETURN expression
    (43) expression -> . expression PLUS expression
    (44) expression -> . expression MINUS expression
    (45) expression -> . expression MULT expression
    (46) expression -> . expression DIV expression
    (47) expression -> . expression EQ expression
    (48) expression -> . expression NEQ expression
    (49) expression -> . expression GT expression
    (50) expression -> . expression GTE expression
    (51) expression -> . expression LT expression
    (52) expression -> . expression LTE expression
    (53) expression -> . expression AND expression
    (54) expression -> . expression OR expression
    (55) expression -> . NOT expression
    (56) expression -> . MINUS expression
    (57) expression -> . expression LBRACKET expression RBRACKET
    (58) expression -> . expression DOT ID
    (59) expression -> . primary
    (67) assignable -> . ID
    (68) assignable -> . expression DOT ID
    (69) assignable -> . expression LBRACKET expression RBRACKET
    (72) assignable_chain -> . assignable ASSIGN assignable_chain
    (73) assignable_chain -> . assignable
    (28) type -> . builtin_type
    (29) type -> . TYPENAME
    (60) primary -> . ID
    (61) primary -> . NUMBER
    (62) primary -> . TRUE
    (63) primary -> . FALSE
    (64) primary -> . CHAR_LITERAL
    (65) primary -> . func_call
    (66) primary -> . LPAREN expression RPAREN
    (30) builtin_type -> . INT
    (31) builtin_type -> . FLOAT
    (32) builtin_type -> . CHAR
    (33) builtin_type -> . BOOL
    (86) func_call -> . ID LPAREN arg_list RPAREN

    ELSE            reduce using rule 10 (statement_list -> statement_with_newline .)
    NEWLINE         reduce using rule 10 (statement_list -> statement_with_newline .)
    RBRACE          reduce using rule 10 (statement_list -> statement_with_newline .)
    TYPENAME        shift and go to state 16
    IF              shift and go to state 24
    WHILE           shift and go to state 25
    RETURN          shift and go to state 26
    NOT             shift and go to state 28
    MINUS           shift and go to state 27
    ID              shift and go to state 13
    NUMBER          shift and go to state 31
    TRUE            shift and go to state 32
    FALSE           shift and go to state 33
    CHAR_LITERAL    shift and go to state 34
    LPAREN          shift and go to state 14
    INT             shift and go to state 36
    FLOAT           shift and go to state 37
    CHAR            shift and go to state 38
    BOOL            shift and go to state 39

    statement_with_newline         shift and go to state 142
    statement_list                 shift and go to state 154
    statement                      shift and go to state 10
    declaration                    shift and go to state 17
    if_statement                   shift and go to state 18
    while_statement                shift and go to state 19
    return_statement               shift and go to state 20
    expression                     shift and go to state 21
    assignable                     shift and go to state 22
    assignable_chain               shift and go to state 23
    type                           shift and go to state 12
    primary                        shift and go to state 29
    builtin_type                   shift and go to state 30
    func_call                      shift and go to state 35

state 143

    (92) block -> COLON LBRACE NEWLINE . statement_list RBRACE NEWLINE
    (9) statement_list -> . statement_with_newline statement_list
    (10) statement_list -> . statement_with_newline
    (11) statement_with_newline -> . statement NEWLINE
    (12) statement -> . declaration
    (13) statement -> . if_statement
    (14) statement -> . while_statement
    (15) statement -> . return_statement
    (16) statement -> . expression
    (70) statement -> . assignable ASSIGN expression
    (71) statement -> . assignable_chain ASSIGN expression
    (17) declaration -> . type LBRACKET expression RBRACKET ID
    (18) declaration -> . type declaration_list
    (27) declaration -> . TYPENAME ID
    (74) if_statement -> . IF expression block
    (75) if_statement -> . IF expression block ELSE block
    (76) while_statement -> . WHILE expression block
    (85) return_statement -> . RETURN expression
    (43) expression -> . expression PLUS expression
    (44) expression -> . expression MINUS expression
    (45) expression -> . expression MULT expression
    (46) expression -> . expression DIV expression
    (47) expression -> . expression EQ expression
    (48) expression -> . expression NEQ expression
    (49) expression -> . expression GT expression
    (50) expression -> . expression GTE expression
    (51) expression -> . expression LT expression
    (52) expression -> . expression LTE expression
    (53) expression -> . expression AND expression
    (54) expression -> . expression OR expression
    (55) expression -> . NOT expression
    (56) expression -> . MINUS expression
    (57) expression -> . expression LBRACKET expression RBRACKET
    (58) expression -> . expression DOT ID
    (59) expression -> . primary
    (67) assignable -> . ID
    (68) assignable -> . expression DOT ID
    (69) assignable -> . expression LBRACKET expression RBRACKET
    (72) assignable_chain -> . assignable ASSIGN assignable_chain
    (73) assignable_chain -> . assignable
    (28) type -> . builtin_type
    (29) type -> . TYPENAME
    (60) primary -> . ID
    (61) primary -> . NUMBER
    (62) primary -> . TRUE
    (63) primary -> . FALSE
    (64) primary -> . CHAR_LITERAL
    (65) primary -> . func_call
    (66) primary -> . LPAREN expression RPAREN
    (30) builtin_type -> . INT
    (31) builtin_type -> . FLOAT
    (32) builtin_type -> . CHAR
    (33) builtin_type -> . BOOL
    (86) func_call -> . ID LPAREN arg_list RPAREN

    TYPENAME        shift and go to state 16
    IF              shift and go to state 24
    WHILE           shift and go to state 25
    RETURN          shift and go to state 26
    NOT             shift and go to state 28
    MINUS           shift and go to state 27
    ID              shift and go to state 13
    NUMBER          shift and go to state 31
    TRUE            shift and go to state 32
    FALSE           shift and go to state 33
    CHAR_LITERAL    shift and go to state 34
    LPAREN          shift and go to state 14
    INT             shift and go to state 36
    FLOAT           shift and go to state 37
    CHAR            shift and go to state 38
    BOOL            shift and go to state 39

    statement_list                 shift and go to state 155
    statement_with_newline         shift and go to state 142
    statement                      shift and go to state 10
    declaration                    shift and go to state 17
    if_statement                   shift and go to state 18
    while_statement                shift and go to state 19
    return_statement               shift and go to state 20
    expression                     shift and go to state 21
    assignable                     shift and go to state 22
    assignable_chain               shift and go to state 23
    type                           shift and go to state 12
    primary                        shift and go to state 29
    builtin_type                   shift and go to state 30
    func_call                      shift and go to state 35

state 144

    (83) param -> type ID .

    COMMA           reduce using rule 83 (param -> type ID .)
    RPAREN          reduce using rule 83 (param -> type ID .)


state 145

    (77) func_def -> DEF type ID LPAREN param_list RPAREN . store_params prepare_func_scope COLON LBRACE NEWLINE statement_list RBRACE
    (82) store_params -> .

    COLON           reduce using rule 82 (store_params -> .)

    store_params                   shift and go to state 156

state 146

    (78) param_list -> param param_list_tail .

    RPAREN          reduce using rule 78 (param_list -> param param_list_tail .)


state 147

    (80) param_list_tail -> COMMA . param param_list_tail
    (83) param -> . type ID
    (84) param -> . ID
    (28) type -> . builtin_type
    (29) type -> . TYPENAME
    (30) builtin_type -> . INT
    (31) builtin_type -> . FLOAT
    (32) builtin_type -> . CHAR
    (33) builtin_type -> . BOOL

    ID              shift and go to state 128
    TYPENAME        shift and go to state 44
    INT             shift and go to state 36
    FLOAT           shift and go to state 37
    CHAR            shift and go to state 38
    BOOL            shift and go to state 39

    param                          shift and go to state 157
    type                           shift and go to state 127
    builtin_type                   shift and go to state 30

state 148

    (81) param_list_tail -> empty .

    RPAREN          reduce using rule 81 (param_list_tail -> empty .)


state 149

    (36) type_block -> LBRACE type_declaration_lines RBRACE .

    NEWLINE         reduce using rule 36 (type_block -> LBRACE type_declaration_lines RBRACE .)
    DEF             reduce using rule 36 (type_block -> LBRACE type_declaration_lines RBRACE .)
    TYPE            reduce using rule 36 (type_block -> LBRACE type_declaration_lines RBRACE .)
    TYPENAME        reduce using rule 36 (type_block -> LBRACE type_declaration_lines RBRACE .)
    IF              reduce using rule 36 (type_block -> LBRACE type_declaration_lines RBRACE .)
    WHILE           reduce using rule 36 (type_block -> LBRACE type_declaration_lines RBRACE .)
    RETURN          reduce using rule 36 (type_block -> LBRACE type_declaration_lines RBRACE .)
    NOT             reduce using rule 36 (type_block -> LBRACE type_declaration_lines RBRACE .)
    MINUS           reduce using rule 36 (type_block -> LBRACE type_declaration_lines RBRACE .)
    ID              reduce using rule 36 (type_block -> LBRACE type_declaration_lines RBRACE .)
    NUMBER          reduce using rule 36 (type_block -> LBRACE type_declaration_lines RBRACE .)
    TRUE            reduce using rule 36 (type_block -> LBRACE type_declaration_lines RBRACE .)
    FALSE           reduce using rule 36 (type_block -> LBRACE type_declaration_lines RBRACE .)
    CHAR_LITERAL    reduce using rule 36 (type_block -> LBRACE type_declaration_lines RBRACE .)
    LPAREN          reduce using rule 36 (type_block -> LBRACE type_declaration_lines RBRACE .)
    INT             reduce using rule 36 (type_block -> LBRACE type_declaration_lines RBRACE .)
    FLOAT           reduce using rule 36 (type_block -> LBRACE type_declaration_lines RBRACE .)
    CHAR            reduce using rule 36 (type_block -> LBRACE type_declaration_lines RBRACE .)
    BOOL            reduce using rule 36 (type_block -> LBRACE type_declaration_lines RBRACE .)
    $end            reduce using rule 36 (type_block -> LBRACE type_declaration_lines RBRACE .)


state 150

    (39) type_declaration_lines -> type_declaration_line type_declaration_lines .

    RBRACE          reduce using rule 39 (type_declaration_lines -> type_declaration_line type_declaration_lines .)


state 151

    (37) type_declaration_line -> declaration NEWLINE .

    NEWLINE         reduce using rule 37 (type_declaration_line -> declaration NEWLINE .)
    TYPENAME        reduce using rule 37 (type_declaration_line -> declaration NEWLINE .)
    INT             reduce using rule 37 (type_declaration_line -> declaration NEWLINE .)
    FLOAT           reduce using rule 37 (type_declaration_line -> declaration NEWLINE .)
    CHAR            reduce using rule 37 (type_declaration_line -> declaration NEWLINE .)
    BOOL            reduce using rule 37 (type_declaration_line -> declaration NEWLINE .)
    RBRACE          reduce using rule 37 (type_declaration_line -> declaration NEWLINE .)


state 152

    (68) assignable -> expression DOT . ID
    (58) expression -> expression DOT . ID

    ID              shift and go to state 158


state 153

    (69) assignable -> expression LBRACKET . expression RBRACKET
    (57) expression -> expression LBRACKET . expression RBRACKET
    (43) expression -> . expression PLUS expression
    (44) expression -> . expression MINUS expression
    (45) expression -> . expression MULT expression
    (46) expression -> . expression DIV expression
    (47) expression -> . expression EQ expression
    (48) expression -> . expression NEQ expression
    (49) expression -> . expression GT expression
    (50) expression -> . expression GTE expression
    (51) expression -> . expression LT expression
    (52) expression -> . expression LTE expression
    (53) expression -> . expression AND expression
    (54) expression -> . expression OR expression
    (55) expression -> . NOT expression
    (56) expression -> . MINUS expression
    (57) expression -> . expression LBRACKET expression RBRACKET
    (58) expression -> . expression DOT ID
    (59) expression -> . primary
    (60) primary -> . ID
    (61) primary -> . NUMBER
    (62) primary -> . TRUE
    (63) primary -> . FALSE
    (64) primary -> . CHAR_LITERAL
    (65) primary -> . func_call
    (66) primary -> . LPAREN expression RPAREN
    (86) func_call -> . ID LPAREN arg_list RPAREN

    NOT             shift and go to state 28
    MINUS           shift and go to state 27
    ID              shift and go to state 51
    NUMBER          shift and go to state 31
    TRUE            shift and go to state 32
    FALSE           shift and go to state 33
    CHAR_LITERAL    shift and go to state 34
    LPAREN          shift and go to state 14

    expression                     shift and go to state 159
    primary                        shift and go to state 29
    func_call                      shift and go to state 35

state 154

    (9) statement_list -> statement_with_newline statement_list .

    ELSE            reduce using rule 9 (statement_list -> statement_with_newline statement_list .)
    NEWLINE         reduce using rule 9 (statement_list -> statement_with_newline statement_list .)
    RBRACE          reduce using rule 9 (statement_list -> statement_with_newline statement_list .)


state 155

    (92) block -> COLON LBRACE NEWLINE statement_list . RBRACE NEWLINE

    RBRACE          shift and go to state 160


state 156

    (77) func_def -> DEF type ID LPAREN param_list RPAREN store_params . prepare_func_scope COLON LBRACE NEWLINE statement_list RBRACE
    (93) prepare_func_scope -> .

    COLON           reduce using rule 93 (prepare_func_scope -> .)

    prepare_func_scope             shift and go to state 161

state 157

    (80) param_list_tail -> COMMA param . param_list_tail
    (80) param_list_tail -> . COMMA param param_list_tail
    (81) param_list_tail -> . empty
    (90) empty -> .

    COMMA           shift and go to state 147
    RPAREN          reduce using rule 90 (empty -> .)

    param_list_tail                shift and go to state 162
    empty                          shift and go to state 148

state 158

    (68) assignable -> expression DOT ID .
    (58) expression -> expression DOT ID .

    ASSIGN          reduce using rule 68 (assignable -> expression DOT ID .)
    DOT             reduce using rule 58 (expression -> expression DOT ID .)
    LBRACKET        reduce using rule 58 (expression -> expression DOT ID .)
    PLUS            reduce using rule 58 (expression -> expression DOT ID .)
    MINUS           reduce using rule 58 (expression -> expression DOT ID .)
    MULT            reduce using rule 58 (expression -> expression DOT ID .)
    DIV             reduce using rule 58 (expression -> expression DOT ID .)
    EQ              reduce using rule 58 (expression -> expression DOT ID .)
    NEQ             reduce using rule 58 (expression -> expression DOT ID .)
    GT              reduce using rule 58 (expression -> expression DOT ID .)
    GTE             reduce using rule 58 (expression -> expression DOT ID .)
    LT              reduce using rule 58 (expression -> expression DOT ID .)
    LTE             reduce using rule 58 (expression -> expression DOT ID .)
    AND             reduce using rule 58 (expression -> expression DOT ID .)
    OR              reduce using rule 58 (expression -> expression DOT ID .)


state 159

    (69) assignable -> expression LBRACKET expression . RBRACKET
    (57) expression -> expression LBRACKET expression . RBRACKET
    (43) expression -> expression . PLUS expression
    (44) expression -> expression . MINUS expression
    (45) expression -> expression . MULT expression
    (46) expression -> expression . DIV expression
    (47) expression -> expression . EQ expression
    (48) expression -> expression . NEQ expression
    (49) expression -> expression . GT expression
    (50) expression -> expression . GTE expression
    (51) expression -> expression . LT expression
    (52) expression -> expression . LTE expression
    (53) expression -> expression . AND expression
    (54) expression -> expression . OR expression
    (57) expression -> expression . LBRACKET expression RBRACKET
    (58) expression -> expression . DOT ID

    RBRACKET        shift and go to state 163
    PLUS            shift and go to state 55
    MINUS           shift and go to state 56
    MULT            shift and go to state 57
    DIV             shift and go to state 58
    EQ              shift and go to state 59
    NEQ             shift and go to state 60
    GT              shift and go to state 61
    GTE             shift and go to state 62
    LT              shift and go to state 63
    LTE             shift and go to state 64
    AND             shift and go to state 65
    OR              shift and go to state 66
    LBRACKET        shift and go to state 85
    DOT             shift and go to state 86


state 160

    (92) block -> COLON LBRACE NEWLINE statement_list RBRACE . NEWLINE

    NEWLINE         shift and go to state 164


state 161

    (77) func_def -> DEF type ID LPAREN param_list RPAREN store_params prepare_func_scope . COLON LBRACE NEWLINE statement_list RBRACE

    COLON           shift and go to state 165


state 162

    (80) param_list_tail -> COMMA param param_list_tail .

    RPAREN          reduce using rule 80 (param_list_tail -> COMMA param param_list_tail .)


state 163

    (69) assignable -> expression LBRACKET expression RBRACKET .
    (57) expression -> expression LBRACKET expression RBRACKET .

    ASSIGN          reduce using rule 69 (assignable -> expression LBRACKET expression RBRACKET .)
    DOT             reduce using rule 57 (expression -> expression LBRACKET expression RBRACKET .)
    LBRACKET        reduce using rule 57 (expression -> expression LBRACKET expression RBRACKET .)
    PLUS            reduce using rule 57 (expression -> expression LBRACKET expression RBRACKET .)
    MINUS           reduce using rule 57 (expression -> expression LBRACKET expression RBRACKET .)
    MULT            reduce using rule 57 (expression -> expression LBRACKET expression RBRACKET .)
    DIV             reduce using rule 57 (expression -> expression LBRACKET expression RBRACKET .)
    EQ              reduce using rule 57 (expression -> expression LBRACKET expression RBRACKET .)
    NEQ             reduce using rule 57 (expression -> expression LBRACKET expression RBRACKET .)
    GT              reduce using rule 57 (expression -> expression LBRACKET expression RBRACKET .)
    GTE             reduce using rule 57 (expression -> expression LBRACKET expression RBRACKET .)
    LT              reduce using rule 57 (expression -> expression LBRACKET expression RBRACKET .)
    LTE             reduce using rule 57 (expression -> expression LBRACKET expression RBRACKET .)
    AND             reduce using rule 57 (expression -> expression LBRACKET expression RBRACKET .)
    OR              reduce using rule 57 (expression -> expression LBRACKET expression RBRACKET .)


state 164

    (92) block -> COLON LBRACE NEWLINE statement_list RBRACE NEWLINE .

    ELSE            reduce using rule 92 (block -> COLON LBRACE NEWLINE statement_list RBRACE NEWLINE .)
    NEWLINE         reduce using rule 92 (block -> COLON LBRACE NEWLINE statement_list RBRACE NEWLINE .)


state 165

    (77) func_def -> DEF type ID LPAREN param_list RPAREN store_params prepare_func_scope COLON . LBRACE NEWLINE statement_list RBRACE

    LBRACE          shift and go to state 166


state 166

    (77) func_def -> DEF type ID LPAREN param_list RPAREN store_params prepare_func_scope COLON LBRACE . NEWLINE statement_list RBRACE

    NEWLINE         shift and go to state 167


state 167

    (77) func_def -> DEF type ID LPAREN param_list RPAREN store_params prepare_func_scope COLON LBRACE NEWLINE . statement_list RBRACE
    (9) statement_list -> . statement_with_newline statement_list
    (10) statement_list -> . statement_with_newline
    (11) statement_with_newline -> . statement NEWLINE
    (12) statement -> . declaration
    (13) statement -> . if_statement
    (14) statement -> . while_statement
    (15) statement -> . return_statement
    (16) statement -> . expression
    (70) statement -> . assignable ASSIGN expression
    (71) statement -> . assignable_chain ASSIGN expression
    (17) declaration -> . type LBRACKET expression RBRACKET ID
    (18) declaration -> . type declaration_list
    (27) declaration -> . TYPENAME ID
    (74) if_statement -> . IF expression block
    (75) if_statement -> . IF expression block ELSE block
    (76) while_statement -> . WHILE expression block
    (85) return_statement -> . RETURN expression
    (43) expression -> . expression PLUS expression
    (44) expression -> . expression MINUS expression
    (45) expression -> . expression MULT expression
    (46) expression -> . expression DIV expression
    (47) expression -> . expression EQ expression
    (48) expression -> . expression NEQ expression
    (49) expression -> . expression GT expression
    (50) expression -> . expression GTE expression
    (51) expression -> . expression LT expression
    (52) expression -> . expression LTE expression
    (53) expression -> . expression AND expression
    (54) expression -> . expression OR expression
    (55) expression -> . NOT expression
    (56) expression -> . MINUS expression
    (57) expression -> . expression LBRACKET expression RBRACKET
    (58) expression -> . expression DOT ID
    (59) expression -> . primary
    (67) assignable -> . ID
    (68) assignable -> . expression DOT ID
    (69) assignable -> . expression LBRACKET expression RBRACKET
    (72) assignable_chain -> . assignable ASSIGN assignable_chain
    (73) assignable_chain -> . assignable
    (28) type -> . builtin_type
    (29) type -> . TYPENAME
    (60) primary -> . ID
    (61) primary -> . NUMBER
    (62) primary -> . TRUE
    (63) primary -> . FALSE
    (64) primary -> . CHAR_LITERAL
    (65) primary -> . func_call
    (66) primary -> . LPAREN expression RPAREN
    (30) builtin_type -> . INT
    (31) builtin_type -> . FLOAT
    (32) builtin_type -> . CHAR
    (33) builtin_type -> . BOOL
    (86) func_call -> . ID LPAREN arg_list RPAREN

    TYPENAME        shift and go to state 16
    IF              shift and go to state 24
    WHILE           shift and go to state 25
    RETURN          shift and go to state 26
    NOT             shift and go to state 28
    MINUS           shift and go to state 27
    ID              shift and go to state 13
    NUMBER          shift and go to state 31
    TRUE            shift and go to state 32
    FALSE           shift and go to state 33
    CHAR_LITERAL    shift and go to state 34
    LPAREN          shift and go to state 14
    INT             shift and go to state 36
    FLOAT           shift and go to state 37
    CHAR            shift and go to state 38
    BOOL            shift and go to state 39

    type                           shift and go to state 12
    statement_list                 shift and go to state 168
    statement_with_newline         shift and go to state 142
    statement                      shift and go to state 10
    declaration                    shift and go to state 17
    if_statement                   shift and go to state 18
    while_statement                shift and go to state 19
    return_statement               shift and go to state 20
    expression                     shift and go to state 21
    assignable                     shift and go to state 22
    assignable_chain               shift and go to state 23
    primary                        shift and go to state 29
    builtin_type                   shift and go to state 30
    func_call                      shift and go to state 35

state 168

    (77) func_def -> DEF type ID LPAREN param_list RPAREN store_params prepare_func_scope COLON LBRACE NEWLINE statement_list . RBRACE

    RBRACE          shift and go to state 169


state 169

    (77) func_def -> DEF type ID LPAREN param_list RPAREN store_params prepare_func_scope COLON LBRACE NEWLINE statement_list RBRACE .

    NEWLINE         reduce using rule 77 (func_def -> DEF type ID LPAREN param_list RPAREN store_params prepare_func_scope COLON LBRACE NEWLINE statement_list RBRACE .)
    DEF             reduce using rule 77 (func_def -> DEF type ID LPAREN param_list RPAREN store_params prepare_func_scope COLON LBRACE NEWLINE statement_list RBRACE .)
    TYPE            reduce using rule 77 (func_def -> DEF type ID LPAREN param_list RPAREN store_params prepare_func_scope COLON LBRACE NEWLINE statement_list RBRACE .)
    TYPENAME        reduce using rule 77 (func_def -> DEF type ID LPAREN param_list RPAREN store_params prepare_func_scope COLON LBRACE NEWLINE statement_list RBRACE .)
    IF              reduce using rule 77 (func_def -> DEF type ID LPAREN param_list RPAREN store_params prepare_func_scope COLON LBRACE NEWLINE statement_list RBRACE .)
    WHILE           reduce using rule 77 (func_def -> DEF type ID LPAREN param_list RPAREN store_params prepare_func_scope COLON LBRACE NEWLINE statement_list RBRACE .)
    RETURN          reduce using rule 77 (func_def -> DEF type ID LPAREN param_list RPAREN store_params prepare_func_scope COLON LBRACE NEWLINE statement_list RBRACE .)
    NOT             reduce using rule 77 (func_def -> DEF type ID LPAREN param_list RPAREN store_params prepare_func_scope COLON LBRACE NEWLINE statement_list RBRACE .)
    MINUS           reduce using rule 77 (func_def -> DEF type ID LPAREN param_list RPAREN store_params prepare_func_scope COLON LBRACE NEWLINE statement_list RBRACE .)
    ID              reduce using rule 77 (func_def -> DEF type ID LPAREN param_list RPAREN store_params prepare_func_scope COLON LBRACE NEWLINE statement_list RBRACE .)
    NUMBER          reduce using rule 77 (func_def -> DEF type ID LPAREN param_list RPAREN store_params prepare_func_scope COLON LBRACE NEWLINE statement_list RBRACE .)
    TRUE            reduce using rule 77 (func_def -> DEF type ID LPAREN param_list RPAREN store_params prepare_func_scope COLON LBRACE NEWLINE statement_list RBRACE .)
    FALSE           reduce using rule 77 (func_def -> DEF type ID LPAREN param_list RPAREN store_params prepare_func_scope COLON LBRACE NEWLINE statement_list RBRACE .)
    CHAR_LITERAL    reduce using rule 77 (func_def -> DEF type ID LPAREN param_list RPAREN store_params prepare_func_scope COLON LBRACE NEWLINE statement_list RBRACE .)
    LPAREN          reduce using rule 77 (func_def -> DEF type ID LPAREN param_list RPAREN store_params prepare_func_scope COLON LBRACE NEWLINE statement_list RBRACE .)
    INT             reduce using rule 77 (func_def -> DEF type ID LPAREN param_list RPAREN store_params prepare_func_scope COLON LBRACE NEWLINE statement_list RBRACE .)
    FLOAT           reduce using rule 77 (func_def -> DEF type ID LPAREN param_list RPAREN store_params prepare_func_scope COLON LBRACE NEWLINE statement_list RBRACE .)
    CHAR            reduce using rule 77 (func_def -> DEF type ID LPAREN param_list RPAREN store_params prepare_func_scope COLON LBRACE NEWLINE statement_list RBRACE .)
    BOOL            reduce using rule 77 (func_def -> DEF type ID LPAREN param_list RPAREN store_params prepare_func_scope COLON LBRACE NEWLINE statement_list RBRACE .)
    $end            reduce using rule 77 (func_def -> DEF type ID LPAREN param_list RPAREN store_params prepare_func_scope COLON LBRACE NEWLINE statement_list RBRACE .)

WARNING: 
WARNING: Conflicts:
WARNING: 
WARNING: shift/reduce conflict for ASSIGN in state 22 resolved as shift
WARNING: shift/reduce conflict for ASSIGN in state 103 resolved as shift
